ABAIXAR,ABAIXAR_OBJETO,ABAIXAR_ORELHA,ABAIXAR_PESSOA,ABAIXAR_RABO,ABAIXAR_SOM,ABAIXAR_VOZ,,,,,,,,,,,,
ABERTO,ABERTO_ABRIR,ABERTO_ACESSÍVEL,,,,,,,,,,,,,,,,
ABERTURA,ABERTURA_ABRIR,ABERTURA_CERIMÔNIA,ABERTURA_FRESTA,,,,,,,,,,,,,,,
ABORTAR,ABORTAR_FALHAR,ABORTAR_GRAVIDEZ,ABORTAR_INTERROMPER,,,,,,,,,,,,,,,
ABRAÇAR,ABRAÇAR_DEDICAR,ABRAÇAR_ENVOLVER,ABRAÇAR_NÓ,,,,,,,,,,,,,,,
ABRIDOR,ABRIDOR_GARRAFAS,,,,,,,,,,,,,,,,,
ABRIGO,ABRIGO_AMPARO,ABRIGO_CASA,,,,,,,,,,,,,,,,
ABRIR,ABRIR_AFASTAR,ABRIR_ARQUIVO,ABRIR_BOLSA,ABRIR_CAIXA,ABRIR_CERVEJA,ABRIR_COMEÇAR,ABRIR_CORTINA,ABRIR_DESABAFAR,ABRIR_GELADEIRA,ABRIR_JANELA,ABRIR_LATA,ABRIR_LEQUE,ABRIR_LIVRO,ABRIR_OLHOS,ABRIR_PORTA,ABRIR_REVELAR,ABRIR_TAMPA,ABRIR_TORNEIRA
ABSORVER,ABSORVER_CONHECIMENTO,ABSORVER_EXTRAIR,ABSORVER_LÍQUIDO,,,,,,,,,,,,,,,
ACABAR,ACABAR_CONSEQUÊNCIA,ACABAR_ESGOTAR,ACABAR_TERMINAR,,,,,,,,,,,,,,,
ACADEMIA,ACADEMIA_ESTUDAR,ACADEMIA_EXERCÍCIO,,,,,,,,,,,,,,,,
ACAUTELAR,ACAUTELAR_CUIDADO,ACAUTELAR_PREVENIR,,,,,,,,,,,,,,,,
ACELERAR,ACELERAR_APRESSAR,ACELERAR_VELOCIDADE,,,,,,,,,,,,,,,,
ACENDER,ACENDER_CIGARRO,ACENDER_FÓSFORO,ACENDER_IRROMPER,ACENDER_LUZ,ACENDER_VELA,,,,,,,,,,,,,
ACERTAR,ACERTAR_ATINGIR,ACERTAR_COMBINAR,ACERTAR_CORRETO,,,,,,,,,,,,,,,
ACERTO,ACERTO_COMBINAR,ACERTO_CORRETO,,,,,,,,,,,,,,,,
ACESSÍVEL,ACESSÍVEL_ALCANCE,ACESSÍVEL_LOCAL,ACESSÍVEL_PREÇO,ACESSÍVEL_SIMPÁTICO,,,,,,,,,,,,,,
ACHAR,ACHAR_ENCONTRAR,ACHAR_PENSAR,,,,,,,,,,,,,,,,
ACONSELHAR,ACONSELHAR_ADVERTIR,ACONSELHAR_RECOMENDAR,,,,,,,,,,,,,,,,
ACORDAR,ACORDAR_ACORDO,ACORDAR_DESPERTAR,,,,,,,,,,,,,,,,
ACROBATA,ACROBATA_CORDA,ACROBATA_TRAPEZISTA,,,,,,,,,,,,,,,,
ADIANTAR,ADIANTAR_AVANÇAR,ADIANTAR_RESOLVER,ADIANTAR_TEMPO,,,,,,,,,,,,,,,
ADICIONAR,ADICIONAR_ACRESCENTAR,ADICIONAR_LISTA,,,,,,,,,,,,,,,,
ADMINISTRAR,ADMINISTRAR_GERENCIAR,ADMINISTRAR_INFLIGIR,ADMINISTRAR_REMÉDIO,,,,,,,,,,,,,,,
ADMINISTRAÇÃO,ADMINISTRAÇÃO_CURSO,ADMINISTRAÇÃO_GERENCIAR,,,,,,,,,,,,,,,,
ADMIRAR,ADMIRAR_APRECIAR,ADMIRAR_SURPRESA,,,,,,,,,,,,,,,,
ADMITIR,ADMITIR_ASSUMIR,ADMITIR_CONTRATAR,ADMITIR_PERMISSÃO,,,,,,,,,,,,,,,
AFASTADO,AFASTADO_DISTANTE,AFASTADO_REMOVER,,,,,,,,,,,,,,,,
AFASTAR,AFASTAR_DISTANTE,AFASTAR_REMOVER,,,,,,,,,,,,,,,,
AFETADO,AFETADO_ESNOBE,AFETADO_PREJUÍZO,AFETADO_SENTIMENTO,AFETADO_TÍSICO,,,,,,,,,,,,,,
AFETAR,AFETAR_ESNOBE,AFETAR_PREJUÍZO,AFETAR_SENTIMENTO,AFETAR_TÍSICO,,,,,,,,,,,,,,
AGENDA,AGENDA_CADERNO,AGENDA_COMPROMISSO,,,,,,,,,,,,,,,,
AGENTE,AGENTE_ADMINISTRATIVO,AGENTE_ATIVO,AGENTE_IMOBILIÁRIO,AGENTE_PASSIVO,AGENTE_PROFISSÃO,AGENTE_SUBSTÂNCIA,,,,,,,,,,,,
AGITAR,AGITAR_ESTIMULAR,AGITAR_MEXER,,,,,,,,,,,,,,,,
AGRESSÃO,AGRESSÃO_FÍSICA,AGRESSÃO_MORAL,,,,,,,,,,,,,,,,
AGULHA,AGULHA_COSTURAR,AGULHA_INJEÇÃO,,,,,,,,,,,,,,,,
AINDA,AINDA_CONTINUAR,AINDA_MOMENTO,,,,,,,,,,,,,,,,
ALELUIA,ALELUIA_EXPRESSÃO,ALELUIA_IGREJA,,,,,,,,,,,,,,,,
ALIANÇA,ALIANÇA_ANEL,ALIANÇA_PACTO,,,,,,,,,,,,,,,,
ALICATE,ALICATE_CUTÍCULA,ALICATE_FERRAMENTA,,,,,,,,,,,,,,,,
ALISAR,ALISAR_ABRANDAR,ALISAR_ACARICIAR,ALISAR_ESTICAR,,,,,,,,,,,,,,,
ALISTAR,ALISTAR_INSCRIÇÃO,ALISTAR_MILITAR,,,,,,,,,,,,,,,,
ALTO,ALTO_DETER,ALTO_ESTATURA,ALTO_IMPORTANTE,ALTO_MAR,ALTO_VOLUME,,,,,,,,,,,,,
ALTURA,ALTURA_ESTATURA,ALTURA_VALOR,ALTURA_VOLUME,,,,,,,,,,,,,,,
ALUGAR,ALUGAR_LOCAR,ALUGAR_PERTURBAR,,,,,,,,,,,,,,,,
ALVO,ALVO_BRANCO,ALVO_MIRA,ALVO_OBJETIVO,ALVO_VENTRE,,,,,,,,,,,,,,
AMADURECER,AMADURECER_MADURO,AMADURECER_PONDERADO,,,,,,,,,,,,,,,,
AMPLIAR,AMPLIAR_AUMENTAR,AMPLIAR_EXPANDIR,,,,,,,,,,,,,,,,
ANDAR,ANDAR_ANIMAL,ANDAR_BICICLETA,ANDAR_CAMINHAR,ANDAR_CAVALO,ANDAR_PRÉDIO,ANDAR_TOA,,,,,,,,,,,,
ANO,ANO_DATA,ANO_IDADE,,,,,,,,,,,,,,,,
ANSIEDADE,ANSIEDADE_AGITAÇÃO,ANSIEDADE_ANGÚSTIA,,,,,,,,,,,,,,,,
ANTENA,ANTENA_INSETO,ANTENA_TV,,,,,,,,,,,,,,,,
ANTES,ANTES_ANTERIOR,ANTES_PASSADO,,,,,,,,,,,,,,,,
APAGAR,APAGAR_ESCREVER,APAGAR_EXTINGUIR,APAGAR_FOGO,APAGAR_INFORMÁTICA,APAGAR_LOUSA,APAGAR_LUZ,APAGAR_VELA ,,,,,,,,,,,
APANHAR,APANHAR_RECOLHER,APANHAR_SURRA,,,,,,,,,,,,,,,,
APARECER,APARECER_ATENÇÃO,APARECER_COMPARECER,APARECER_SURGIR,,,,,,,,,,,,,,,
APARELHO,APARELHO_DENTAL,APARELHO_INSTRUMENTO,,,,,,,,,,,,,,,,
APERTADO,APERTADO_CONSTRANGIDO,APERTADO_ESPAÇO,APERTADO_FINANCEIRAMENTE,APERTADO_ROUPA,APERTADO_TEMPO,,,,,,,,,,,,,
APERTAR,APERTAR_ABRAÇAR,APERTAR_BOTÃO,APERTAR_CONSTRANGIDO,APERTAR_ESPAÇO,APERTAR_FINANCEIRO,APERTAR_MÃO,APERTAR_ROUPA,,,,,,,,,,,
APLICAR,APLICAR_ATRIBUIR,APLICAR_DINHEIRO,APLICAR_INJEÇÃO,APLICAR_MINISTRAR,APLICAR_USAR,,,,,,,,,,,,,
APOIAR,APOIAR_AJUDAR,APOIAR_APROVAR,APOIAR_ENCOSTAR,,,,,,,,,,,,,,,
APONTAR,APONTAR_AFIAR,APONTAR_ALVO,APONTAR_DEDO ,APONTAR_INDICAR,APONTAR_LÁPIS,APONTAR_NOMEAR,,,,,,,,,,,,
APREENDER,APREENDER_COMPREENDER,APREENDER_PEGAR,APREENDER_PRENDER,,,,,,,,,,,,,,,
APREENSÃO,APREENSÃO_CONFISCAR,APREENSÃO_PERCEPÇÃO,APREENSÃO_RECEIO,,,,,,,,,,,,,,,
APRESENTAR,APRESENTAR_COMPARECER,APRESENTAR_MOSTRAR,APRESENTAR_PESSOA,,,,,,,,,,,,,,,
APROPRIAR,APROPRIAR_ADEQUAR,APROPRIAR_APOSSAR,,,,,,,,,,,,,,,,
APROVEITAR,APROVEITAR_ABUSAR,APROVEITAR_UTILIZAR,,,,,,,,,,,,,,,,
APTO,APTO_APARTAMENTO,APTO_CAPAZ,,,,,,,,,,,,,,,,
AQUECER,AQUECER_COMIDA,AQUECER_ESTIMULAR,AQUECER_RECONFORTO,AQUECER_TEMPERATURA,,,,,,,,,,,,,,
AQUÁRIO,AQUÁRIO_OBJETO,AQUÁRIO_SIGNO,,,,,,,,,,,,,,,,
ARBITRAGEM,ARBITRAGEM_ESPORTE,ARBITRAGEM_MEDIADOR,,,,,,,,,,,,,,,,
ARMAR,ARMAR_INSTALAR,ARMAR_REVÓLVER,ARMAR_TRAMAR,,,,,,,,,,,,,,,
ARQUEIRO,ARQUEIRO_FLECHA,ARQUEIRO_FUTEBOL,,,,,,,,,,,,,,,,
ARRANHAR,ARRANHAR_OFENDER,ARRANHAR_PESSOA,ARRANHAR_QUADRO,,,,,,,,,,,,,,,
ARRENDAR,ARRENDAR_CONCEDER,ARRENDAR_RÉDEA,ARRENDAR_REDRAR,ARRENDAR_RENDAR,,,,,,,,,,,,,,
ARROBA,ARROBA_PESO,ARROBA_SÍMBOLO,,,,,,,,,,,,,,,,
ARRUMAR,ARRUMAR_CONSEGUIR,ARRUMAR_PREPARAR,ARRUMAR_RUMO,,,,,,,,,,,,,,,
ARTIGO,ARTIGO_GRAMÁTICA,ARTIGO_LEI,ARTIGO_OBJETO,ARTIGO_TEXTO,,,,,,,,,,,,,,
ASA,ASA_AVE,ASA_AVIÃO,,,,,,,,,,,,,,,,
ASFIXIAR,ASFIXIAR_LIMITE,ASFIXIAR_SUFOCAR,,,,,,,,,,,,,,,,
ASSISTIR,ASSISTIR_AJUDAR,ASSISTIR_PRESENÇA,ASSISTIR_TV,ASSISTIR_VER,,,,,,,,,,,,,,
ASSOCIAR,ASSOCIAR_RELAÇÃO,ASSOCIAR_REUNIR,ASSOCIAR_SÓCIO,,,,,,,,,,,,,,,
ASSUMIR,ASSUMIR_ADMITIR,ASSUMIR_APROPRIAR,ASSUMIR_CARGO,,,,,,,,,,,,,,,
ATACAR,ATACAR_ABARROTAR,ATACAR_AGREDIR,ATACAR_ANIMAL,ATACAR_FUTEBOL,ATACAR_GUERRA,ATACAR_OFENDER,,,,,,,,,,,,
ATALHO,ATALHO_CAMINHO,ATALHO_INFORMÁTICA,,,,,,,,,,,,,,,,
ATENDER,ATENDER_AUXILIAR,ATENDER_OBSERVAR,ATENDER_TELEFONE,,,,,,,,,,,,,,,
ATENTADO,ATENTADO_ATENTO,ATENTADO_ENDIABRADO,ATENTADO_TERRORISMO,,,,,,,,,,,,,,,
ATENTAR,ATENTAR_ATENTO,ATENTAR_ENDIABRADO,ATENTAR_TERRORISMO,,,,,,,,,,,,,,,
ATINGIR,ATINGIR_ALCANÇAR,ATINGIR_ALVO,ATINGIR_EU,ATINGIR_OFENDER,,,,,,,,,,,,,,
ATIRAR,ATIRAR_ESPINGARDA,ATIRAR_JOGAR,ATIRAR_REVÓLVER,,,,,,,,,,,,,,,
ATO,ATO_DOCUMENTO,ATO_FAZER,,,,,,,,,,,,,,,,
ATRAÇÃO,ATRAÇÃO_ATRAIR,ATRAÇÃO_DESEJO,ATRAÇÃO_ENTRETENIMENTO,,,,,,,,,,,,,,,
ATUAR,ATUAR_ATOR,ATUAR_FUNÇÃO,,,,,,,,,,,,,,,,
AUMENTAR,AUMENTAR_FREQUÊNCIA,AUMENTAR_PESO,AUMENTAR_TAMANHO,AUMENTAR_VALOR,AUMENTAR_VOZ,,,,,,,,,,,,,
AUTORIZAR,AUTORIZAR_PERMITIR,AUTORIZAR_VALIDAR,,,,,,,,,,,,,,,,
AVANÇAR,AVANÇAR_AGREDIR,AVANÇAR_DECORRER,AVANÇAR_PROGREDIR,,,,,,,,,,,,,,,
AVIÃO,AVIÃO_COMERCIAL,AVIÃO_JATO,,,,,,,,,,,,,,,,
AÇUDE,AÇUDE_ARMA,AÇUDE_BARRAGEM,,,,,,,,,,,,,,,,
AÇÃO,AÇÃO_ATO,AÇÃO_ECONOMIA,AÇÃO_FILME,AÇÃO_GRAÇAS,AÇÃO_JURÍDICO,,,,,,,,,,,,,
BAINHA,BAINHA_ESTOJO,BAINHA_REVESTIMENTO,BAINHA_ROUPA,,,,,,,,,,,,,,,
BAIXAR,BAIXAR_ARQUIVO,BAIXAR_DIMINUIR,BAIXAR_EXPEDIR,BAIXAR_PERSIANA,BAIXAR_PRESTÍGIO,,,,,,,,,,,,,
BALA,BALA_ARMA,BALA_DOCE,,,,,,,,,,,,,,,,
BALANÇA,BALANÇA_COMPARAR,BALANÇA_PESAR,,,,,,,,,,,,,,,,
BALANÇAR,BALANÇAR_BALANÇO,BALANÇAR_CONTÁBEL,BALANÇAR_DANÇAR,BALANÇAR_TITUBEAR,,,,,,,,,,,,,,
BALANÇO,BALANÇO_CONTÁBIL,BALANÇO_MOVIMENTO,BALANÇO_OBJETO,,,,,,,,,,,,,,,
BALÃO,BALÃO_AERÓSTATO,BALÃO_BEXIGA,BALÃO_ESTRADA,,,,,,,,,,,,,,,
BANCO,BANCO_DADOS,BANCO_DINHEIRO,BANCO_SENTAR,,,,,,,,,,,,,,,
BANDA,BANDA_FITA,BANDA_LARGA,BANDA_METADE,BANDA_MÚSICA,,,,,,,,,,,,,,
BANDEIRINHA,BANDEIRINHA_BANDEIRA,BANDEIRINHA_FUTEBOL,,,,,,,,,,,,,,,,
BANHEIRA,BANHEIRA_BANHO,BANHEIRA_HIDROMASSAGEM,,,,,,,,,,,,,,,,
BARBEADOR,BARBEADOR_ELÉTRICO,BARBEADOR_GILETE,BARBEADOR_PROFISSÃO,,,,,,,,,,,,,,,
BARRA,BARRA_CARACTERE,BARRA_CHOCOLATE,BARRA_FERRAMENTA,BARRA_FERRO,BARRA_OURO,BARRA_PORTO,BARRA_ROLAGEM,BARRA_ROUPA,BARRA_SABÃO,BARRA_SITUAÇÃO,,,,,,,,
BARRACA,BARRACA_ACAMPAMENTO,BARRACA_COMÉRCIO,,,,,,,,,,,,,,,,
BARREIRA,BARREIRA_BLOQUEIO,BARREIRA_TERRENO,,,,,,,,,,,,,,,,
BASE,BASE_DADOS,BASE_LOCAL,BASE_MILITAR,BASE_ORIGEM,BASE_QUÍMICA,BASE_ROSTO,BASE_SUPORTE,,,,,,,,,,,
BATER,BATER_ALCANÇAR,BATER_CARRO,BATER_CORAÇÃO,BATER_GOLPEAR,BATER_MARTELAR,BATER_PALMA,BATER_PORTA,,,,,,,,,,,
BATERIA,BATERIA_CARNAVAL,BATERIA_CARRO,BATERIA_EXAME,BATERIA_INSTRUMENTO,BATERIA_MILITAR,BATERIA_PILHA,,,,,,,,,,,,
BATIDA,BATIDA_BEBIDA,BATIDA_COLISÃO,BATIDA_CORAÇÃO,BATIDA_MÚSICA,,,,,,,,,,,,,,
BATIZAR,BATIZAR_BATISMO,BATIZAR_DROGAR,BATIZAR_NOMEAR,,,,,,,,,,,,,,,
BEBIDA,BEBIDA_ALCOÓLICA,BEBIDA_BEBER,,,,,,,,,,,,,,,,
BEIJAR,BEIJAR_BOCA,BEIJAR_ENVIAR,BEIJAR_ROSTO,BEIJAR_TESTA,,,,,,,,,,,,,,
BEM,BEM_AMADO,BEM_BOM,BEM_BONDADE,BEM_ESTAR,BEM_MUITO,BEM_ÓLEO,BEM_PATRIMÔNIO,BEM_PRECISÃO,,,,,,,,,,
BEXIGA,BEXIGA_BOLA,BEXIGA_DOENÇA,BEXIGA_ORGÃO,,,,,,,,,,,,,,,
BIRUTA,BIRUTA_COMPORTAMENTO,BIRUTA_OBJETO,,,,,,,,,,,,,,,,
BLOCO,BLOCO_CARNAVAL,BLOCO_GRUPO,BLOCO_PAPEL,BLOCO_PEDRA,BLOCO_PRÉDIO,,,,,,,,,,,,,
BOFETADA,BOFETADA_OFENDER,BOFETADA_TAPA,,,,,,,,,,,,,,,,
BOIA,BOIA_BRAÇO,BOIA_CINTURA,BOIA_COLETE,,,,,,,,,,,,,,,
BOLA,BOLA_CRISTAL,BOLA_GUDE,BOLA_OBJETO,BOLA_SORVETE,,,,,,,,,,,,,,
BOLHA,BOLHA_GRUPO,BOLHA_MACHUCADO,BOLHA_SABÃO,,,,,,,,,,,,,,,
BOLSA,BOLSA_ACESSÓRIO,BOLSA_ATLETA,BOLSA_ESTUDO,BOLSA_FAMÍLIA,BOLSA_VALOR,,,,,,,,,,,,,
BOMBA,BOMBA_AR,BOMBA_CHOCOLATE,BOMBA_COMBUSTÍVEL,BOMBA_EXPLOSIVO,,,,,,,,,,,,,,
BOMBOM,BOMBOM_BALA,BOMBOM_CHOCOLATE,,,,,,,,,,,,,,,,
BORRACHA,BORRACHA_APAGAR,BORRACHA_MATERIAL,,,,,,,,,,,,,,,,
BOTA,BOTA_COMUM,BOTA_COUNTRY,,,,,,,,,,,,,,,,
BOX,BOX_LIVRO,BOX_VIDRO,,,,,,,,,,,,,,,,
BRAVO,BRAVO_CORAGEM,BRAVO_PARABÉNS,BRAVO_RAIVA,,,,,,,,,,,,,,,
BRIGAR,BRIGAR_DISCUSSÃO,BRIGAR_LUTAR,,,,,,,,,,,,,,,,
BRUTO,BRUTO_INTOCADO,BRUTO_RUDE,BRUTO_TOTAL,,,,,,,,,,,,,,,
BURRO,BURRO_JUMENTO,BURRO_TOLO,,,,,,,,,,,,,,,,
CABO,CABO_ELEITORAL,CABO_ELÉTRICO,CABO_GUERRA,CABO_MAR,CABO_MILITAR,CABO_OBJETO,CABO_VASSOURA,,,,,,,,,,,
CAIR,CAIR_ÁRVORE,CAIR_BEM,CAIR_CANETA,CAIR_COPO,CAIR_DESCER,CAIR_DIMINUIR,CAIR_ESCADA,CAIR_JOELHO,CAIR_PAPEL,CAIR_PESSOA,,,,,,,,
CALMO,CALMO_AMBIENTE,CALMO_PESSOA,,,,,,,,,,,,,,,,
CAMINHO,CAMINHO_CAMINHAR,CAMINHO_ITINERÁRIO,,,,,,,,,,,,,,,,
CAMPO,CAMPO_BATALHA,CAMPO_CAMPINA,CAMPO_FUTEBOL,CAMPO_GOLFE,CAMPO_INFORMÁTICA,CAMPO_PESQUISA,CAMPO_RURAL,,,,,,,,,,,
CANAL,CANAL_ÁGUA,CANAL_CAMINHO,CANAL_COMUNICAÇÃO,CANAL_DENTE,CANAL_TELEVISÃO,,,,,,,,,,,,,
CANELA,CANELA_CIDADE,CANELA_PERNA,CANELA_PÓ,,,,,,,,,,,,,,,
CANHOTO,CANHOTO_CHEQUE,CANHOTO_ESQUERDO,CANHOTO_RECIBO,,,,,,,,,,,,,,,
CANINO,CANINO_CACHORRO,CANINO_DENTE,,,,,,,,,,,,,,,,
CANO,CANO_ENCANECIDO,CANO_FALTAR,CANO_OBJETO,,,,,,,,,,,,,,,
CANTO,CANTO_ÂNGULO,CANTO_MÚSICA,CANTO_PEDRA,CANTO_QUINA,,,,,,,,,,,,,,
CAPA,CAPA_ALFABETO,CAPA_CADERNO,CAPA_CAPAR,CAPA_OBJETO,CAPA_ROUPA,,,,,,,,,,,,,
CAPELA,CAPELA_IGREJA,CAPELA_MÚSICA,,,,,,,,,,,,,,,,
CAPITAL,CAPITAL_CIDADE,CAPITAL_DINHEIRO,,,,,,,,,,,,,,,,
CAPITÃO,CAPITÃO_AVIADOR,CAPITÃO_ESPORTE,CAPITÃO_GANCHO,CAPITÃO_LÍDER,CAPITÃO_MILITAR,,,,,,,,,,,,,
CAPTAR,CAPTAR_COMPREENDER,CAPTAR_CONSEGUIR,CAPTAR_SOM,,,,,,,,,,,,,,,
CARA,CARA_FEIA,CARA_HOMEM,CARA_MULHER,CARA_ROSTO,CARA_SEMBLANTE,,,,,,,,,,,,,
CARENTE,CARENTE_AFETO,CARENTE_NECESSITAR,,,,,,,,,,,,,,,,
CARETA,CARETA_CONSERVADOR,CARETA_ROSTO,,,,,,,,,,,,,,,,
CARNE,CARNE_COMIDA,CARNE_PARENTESCO,CARNE_SEXUAL,,,,,,,,,,,,,,,
CARREGAR,CARREGAR_IMPREGNAR,CARREGAR_PREENCHER,CARREGAR_TRANSFERIR,CARREGAR_TRANSPORTAR,,,,,,,,,,,,,,
CARREIRA,CARREIRA_CORRER,CARREIRA_PROFISSÃO,,,,,,,,,,,,,,,,
CARTEIRA,CARTEIRA_AÇÃO,CARTEIRA_BOLSA,CARTEIRA_CARTÃO,CARTEIRA_CIGARRO,CARTEIRA_ESTUDANTE,CARTEIRA_IDENTIDADE,CARTEIRA_MESA,CARTEIRA_MOTORISTA,CARTEIRA_TRABALHO,CARTEIRA_VACINAÇÃO,,,,,,,,
CASO,CASO_AMOROSO,CASO_EVENTO,CASO_JUSTIÇA,,,,,,,,,,,,,,,
CEBOLINHA,CEBOLINHA_PERSONAGEM,CEBOLINHA_TEMPERO,,,,,,,,,,,,,,,,
CEDO,CEDO_MANHÃ,CEDO_TEMPO,,,,,,,,,,,,,,,,
CEIA,CEIA_EUCARISTIA,CEIA_REFEIÇÃO,,,,,,,,,,,,,,,,
CENA,CENA_FINGIR,CENA_SOCIEDADE,CENA_TEATRO,,,,,,,,,,,,,,,
CENSO,CENSO_DEMOGRÁFICO,CENSO_ELEITORAL,CENSO_RENDIMENTO,,,,,,,,,,,,,,,
CENSURAR,CENSURAR_REPREENDER,CENSURAR_VETAR,,,,,,,,,,,,,,,,
CENTRAL,CENTRAL_ATENDIMENTO,CENTRAL_CENTRO,CENTRAL_CIDADE,CENTRAL_FUNDAMENTAL,CENTRAL_LOCAL,,,,,,,,,,,,,
CENTRO,CENTRO_CIRCUNFERÊNCIA,CENTRO_LOCAL,CENTRO_POSIÇÃO,,,,,,,,,,,,,,,
CERCAR,CERCAR_CERCA,CERCAR_PERSEGUIR,CERCAR_RODEAR,,,,,,,,,,,,,,,
CERVEJA,CERVEJA_BEBIDA,CERVEJA_GARRAFA,CERVEJA_LATA,,,,,,,,,,,,,,,
CHAMAR,CHAMAR_CONVOCAR,CHAMAR_NOMEAR,,,,,,,,,,,,,,,,
CHEIA,CHEIA_CAPACIDADE,CHEIA_ENCHENTE,CHEIA_FARTO,,,,,,,,,,,,,,,
CHEIRO,CHEIRO_ODOR,CHEIRO_SUSPEITAR,,,,,,,,,,,,,,,,
CHOCAR,CHOCAR_COLIDIR,CHOCAR_DETERIORAR,CHOCAR_ESCANDALIZAR,CHOCAR_OVO,,,,,,,,,,,,,,
CHUPAR,CHUPAR_CANUDO,CHUPAR_EMAGRECER,CHUPAR_LÍQUIDO,CHUPAR_PIRULITO,,,,,,,,,,,,,,
CINZA,CINZA_COR,CINZA_RESÍDUO,,,,,,,,,,,,,,,,
CIRCULAR,CIRCULAR_DISSEMINAR,CIRCULAR_GEOMETRIA,CIRCULAR_RODEAR,CIRCULAR_TRANSITAR,,,,,,,,,,,,,,
CLAMAR,CLAMAR_EXIGIR,CLAMAR_SUPLICAR,,,,,,,,,,,,,,,,
CLARO,CLARO_AFIRMAÇÃO,CLARO_CLAREZA,CLARO_OPERADORA,,,,,,,,,,,,,,,
CLASSE,CLASSE_AULA,CLASSE_GRUPO,CLASSE_SOCIAL,,,,,,,,,,,,,,,
CLASSIFICAR,CLASSIFICAR_ESCOLHER,CLASSIFICAR_MÉTODO,CLASSIFICAR_ORGANIZAR,,,,,,,,,,,,,,,
CLICAR,CLICAR_BOTÃO,CLICAR_FOTO,,,,,,,,,,,,,,,,
COBRIR,COBRIR_COBERTOR,COBRIR_JORNALISMO,COBRIR_LOCAL,COBRIR_TAMPAR,,,,,,,,,,,,,,
COLABORAR,COLABORAR_AJUDAR,COLABORAR_DINHEIRO,,,,,,,,,,,,,,,,
COLAR,COLAR_ACESSÓRIO,COLAR_FILA,COLAR_GRUDAR,COLAR_INFORMÁTICA,,,,,,,,,,,,,,
COLHER,COLHER_PEDREIRO,COLHER_RETIRAR,COLHER_UTENSÍLIO,,,,,,,,,,,,,,,
COLUNA,COLUNA_FILA,COLUNA_PAREDE,COLUNA_SEÇÃO,COLUNA_VERTEBRAL,,,,,,,,,,,,,,
COLÔNIA,COLÔNIA_GRUPO,COLÔNIA_PERFUME,,,,,,,,,,,,,,,,
COMBATER,COMBATER_LUTAR,COMBATER_SUPRIMIR,,,,,,,,,,,,,,,,
COMBINAR,COMBINAR_ACORDO,COMBINAR_HARMONIZAR,,,,,,,,,,,,,,,,
COMERCIAL,COMERCIAL_ESTABELECIMENTO,COMERCIAL_TELEVISÃO,COMERCIAL_VENDER,,,,,,,,,,,,,,,
COMPANHIA,COMPANHIA_ACOMPANHAR,COMPANHIA_EMPRESA,,,,,,,,,,,,,,,,
COMPENSAR,COMPENSAR_BENEFÍCIO,COMPENSAR_CORRIGIR,COMPENSAR_EQUILIBRAR,,,,,,,,,,,,,,,
COMPOSIÇÃO,COMPOSIÇÃO_MÚSICA,COMPOSIÇÃO_ORGANIZAÇÃO,,,,,,,,,,,,,,,,
COMPRAR,COMPRAR_ADQUIRIR,COMPRAR_CARTÃO,COMPRAR_DINHEIRO,COMPRAR_PRAZO,COMPRAR_VISTA,,,,,,,,,,,,,
COMPRIDO,COMPRIDO_COMPRIMENTO,COMPRIDO_DURAÇÃO,,,,,,,,,,,,,,,,
COMPRIMIDO,COMPRIMIDO_APERTAR,COMPRIMIDO_COMPORTAMENTO,COMPRIMIDO_REMÉDIO,,,,,,,,,,,,,,,
CONCEBER,CONCEBER_ELABORAR,CONCEBER_ENGRAVIDAR,CONCEBER_ENTENDER,,,,,,,,,,,,,,,
CONCENTRAÇÃO,CONCENTRAÇÃO_AGRUPAR,CONCENTRAÇÃO_ATENÇÃO,CONCENTRAÇÃO_REUNIÃO,,,,,,,,,,,,,,,
CONCURSO,CONCURSO_COMPETIR,CONCURSO_PROVA,,,,,,,,,,,,,,,,
CONEXÃO,CONEXÃO_COERÊNCIA,CONEXÃO_ELÉTRICA,CONEXÃO_INTERNET,CONEXÃO_VÍNCULO,,,,,,,,,,,,,,
CONFORTO,CONFORTO_CONFORTÁVEL,CONFORTO_CONSOLO,,,,,,,,,,,,,,,,
CONFUSÃO,CONFUSÃO_BRIGA,CONFUSÃO_CONFUNDIR,,,,,,,,,,,,,,,,
CONGRESSO,CONGRESSO_ENCONTRO,CONGRESSO_GOVERNO,,,,,,,,,,,,,,,,
CONJUNTO,CONJUNTO_GRUPO,CONJUNTO_MÚSICA,CONJUNTO_ROUPA,,,,,,,,,,,,,,,
CONSELHO,CONSELHO_ACONSELHAR,CONSELHO_GRUPO,CONSELHO_TUTELAR,,,,,,,,,,,,,,,
CONSULTAR,CONSULTAR_CONSELHO,CONSULTAR_MÉDICO,CONSULTAR_PESQUISAR,,,,,,,,,,,,,,,
CONTA,CONTA_BANCÁRIA,CONTA_CORRENTE,CONTA_GOTA,CONTA_LOGIN,CONTA_OPERAÇÃO,CONTA_PAGAR,CONTA_RESPONSABILIDADE,,,,,,,,,,,
CONTADOR,CONTADOR_NARRADOR,CONTADOR_PROFISSÃO,,,,,,,,,,,,,,,,
CONTAGIAR,CONTAGIAR_CORROMPER,CONTAGIAR_DOENÇA,CONTAGIAR_SENTIMENTO,,,,,,,,,,,,,,,
CONTAR,CONTAR_APOIAR,CONTAR_FALAR,CONTAR_NÚMERO,,,,,,,,,,,,,,,
CONTATO,CONTATO_COMUNICAR,CONTATO_RELAÇÃO,CONTATO_TELEFONE,CONTATO_TOQUE,,,,,,,,,,,,,,
CONTEÚDO,CONTEÚDO_ASSUNTO,CONTEÚDO_DENTRO,,,,,,,,,,,,,,,,
CONTRA,CONTRA_ADVERSÁRIO,CONTRA_CONTRÁRIO,,,,,,,,,,,,,,,,
CONTRAIR,CONTRAIR_ADQUIRIR,CONTRAIR_APERTAR,CONTRAIR_CONTRAÇÃO,,,,,,,,,,,,,,,
CONTRIBUIR,CONTRIBUIR_COLABORAR,CONTRIBUIR_CONCORRER,CONTRIBUIR_PAGAR,,,,,,,,,,,,,,,
CONTRIBUIÇÃO,CONTRIBUIÇÃO_AJUDAR,CONTRIBUIÇÃO_IMPOSTO,,,,,,,,,,,,,,,,
CONTRÁRIO,CONTRÁRIO_CONTRA,CONTRÁRIO_OPOSTO,,,,,,,,,,,,,,,,
CONVERSÍVEL,CONVERSÍVEL_AUTOMÓVEL,CONVERSÍVEL_CONVERTER,,,,,,,,,,,,,,,,
COOPERAR,COOPERAR_AJUDAR,COOPERAR_DOAÇÃO,,,,,,,,,,,,,,,,
COPA,COPA_ÁRVORE,COPA_BARALHO,COPA_CAMPEONATO,COPA_CASA,COPA_TAÇA,,,,,,,,,,,,,
COPIAR,COPIAR_ALPENDRE,COPIAR_COMPUTADOR,COPIAR_IMITAR,COPIAR_TRANSCREVER,,,,,,,,,,,,,,
CORAL,CORAL_GRUPO,CORAL_MAR,,,,,,,,,,,,,,,,
CORO,CORO_CORAL,CORO_REFRÃO,CORO_VENTO,CORO_VERGONHA,,,,,,,,,,,,,,
COROA,COROA_MOEDA,COROA_OBJETO,COROA_REINADO,COROA_SOL,COROA_VELHO,,,,,,,,,,,,,
CORREDOR,CORREDOR_CASA,CORREDOR_CORRIDA,,,,,,,,,,,,,,,,
CORRENTE,CORRENTE_ÁGUA,CORRENTE_BIJUTERIA,CORRENTE_GRILHÃO,CORRENTE_GRUPO,CORRENTE_VIGENTE,,,,,,,,,,,,,
CORRER,CORRER_LÍQUIDO,CORRER_PERSEGUIR,CORRER_PESSOA,CORRER_VEÍCULO,,,,,,,,,,,,,,
CORTAR,CORTAR_BOLO,CORTAR_CABELO,CORTAR_DEDO,CORTAR_FACA,CORTAR_INTERROMPER,CORTAR_PAPEL,CORTAR_ROSTO,CORTAR_ROUPA,CORTAR_UNHA,,,,,,,,,
CORTE,CORTE_CURRAL,CORTE_ELIMINAR,CORTE_INCISÃO,CORTE_PARLAMENTO,,,,,,,,,,,,,,
COSTA,COSTA_CORPO,COSTA_MAR,,,,,,,,,,,,,,,,
COSTURAR,COSTURAR_AGULHA,COSTURAR_MÁQUINA,COSTURAR_TRÂNSITO,,,,,,,,,,,,,,,
CREDITAR,CREDITAR_ACREDITAR,CREDITAR_AUTORIA,CREDITAR_DEPOSITAR,,,,,,,,,,,,,,,
CRIAR,CRIAR_FUNDAR,CRIAR_SUSTENTAR,,,,,,,,,,,,,,,,
CRUZAR,CRUZAR_ANIMAL,CRUZAR_ATRAVESSAR,CRUZAR_CARRO,CRUZAR_PERNAS,,,,,,,,,,,,,,
CUIDAR,CUIDAR_PRUDÊNCIA,CUIDAR_RESOLVER,CUIDAR_SAÚDE,,,,,,,,,,,,,,,
CULTO,CULTO_ADJETIVO,CULTO_RELIGIÃO,,,,,,,,,,,,,,,,
CULTURA,CULTURA_CULTIVO,CULTURA_INTELECTO,CULTURA_SOCIEDADE,,,,,,,,,,,,,,,
CUNHO,CUNHO_OBJETO,CUNHO_TENDÊNCIA,,,,,,,,,,,,,,,,
CURRÍCULO,CURRÍCULO_ESCOLAR,CURRÍCULO_VITAE,,,,,,,,,,,,,,,,
CURSO,CURSO_CAMINHO,CURSO_ESTUDAR,,,,,,,,,,,,,,,,
CURTO,CURTO_COMPRIMENTO,CURTO_DURAÇÃO,CURTO_ESCASSO,,,,,,,,,,,,,,,
CÂMARA,CÂMARA_GRUPO,CÂMARA_MUNICIPAL,CÂMARA_QUARTO,,,,,,,,,,,,,,,
CÓDIGO,CÓDIGO_BARRA,CÓDIGO_ÉTICA,CÓDIGO_INFORMÁTICA,CÓDIGO_LEI,CÓDIGO_NOME,CÓDIGO_SENHA,,,,,,,,,,,,
DADO,DADO_COMBINAR,DADO_INFORMAÇÃO,DADO_OBJETO,DADO_TRATÁVEL,,,,,,,,,,,,,,
DANÇAR,DANÇAR_AÇÃO,DANÇAR_FORRÓ,DANÇAR_LENTO,DANÇAR_VACILAR,,,,,,,,,,,,,,
DECEPAR,DECEPAR_AMPUTAR,DECEPAR_DEGOLAR,,,,,,,,,,,,,,,,
DECORAR,DECORAR_DECORAÇÃO,DECORAR_MEMORIZAR,,,,,,,,,,,,,,,,
DEFESA,DEFESA_CIVIL,DEFESA_DEFENDER,DEFESA_JUSTIÇA,,,,,,,,,,,,,,,
DEFLAÇÃO,DEFLAÇÃO_ECONOMIA,DEFLAÇÃO_VENTO,,,,,,,,,,,,,,,,
DEIXAR,DEIXAR_LARGAR,DEIXAR_PERMITIR,DEIXAR_RENUNCIAR,,,,,,,,,,,,,,,
DEMAIS,DEMAIS_EXCESSO,DEMAIS_OUTRO,,,,,,,,,,,,,,,,
DEMOLIR,DEMOLIR_CASA,DEMOLIR_PRÉDIO,,,,,,,,,,,,,,,,
DENTRO,DENTRO_AÇÃO,DENTRO_INTIMAMENTE,,,,,,,,,,,,,,,,
DEPRECIAR,DEPRECIAR_DESPREZAR,DEPRECIAR_VALOR,,,,,,,,,,,,,,,,
DERRUBAR,DERRUBAR_CAIR,DERRUBAR_DESBANCAR,,,,,,,,,,,,,,,,
DESABAR,DESABAR_CASA,DESABAR_DESAPARECER,DESABAR_PRÉDIO,,,,,,,,,,,,,,,
DESCARTAR,DESCARTAR_BARALHO,DESCARTAR_DESCONSIDERAR,DESCARTAR_OBJETO,DESCARTAR_PESSOA,,,,,,,,,,,,,,
DESCASCAR,DESCASCAR_FRUTA,DESCASCAR_PELE,,,,,,,,,,,,,,,,
DESCOBRIR,DESCOBRIR_ENCONTRAR,DESCOBRIR_INVENTAR,DESCOBRIR_LENÇOL,,,,,,,,,,,,,,,
DESCRIÇÃO,DESCRIÇÃO_OBJETO,DESCRIÇÃO_PESQUISA,DESCRIÇÃO_PESSOA,,,,,,,,,,,,,,,
DESEMPENHAR,DESEMPENHAR_EFICIÊNCIA,DESEMPENHAR_RECUPERAR,DESEMPENHAR_TRABALHAR,,,,,,,,,,,,,,,
DESERTO,DESERTO_DESABITADO,DESERTO_NATUREZA,,,,,,,,,,,,,,,,
DESLIGAR,DESLIGAR_ELETRÔNICO,DESLIGAR_LUZ,DESLIGAR_TELEFONE,,,,,,,,,,,,,,,
DESPEDIR,DESPEDIR_DEMITIR,DESPEDIR_SAUDAÇÃO,,,,,,,,,,,,,,,,
DESTACAR,DESTACAR_DESIGNAR,DESTACAR_SEPARAR,DESTACAR_SOBRESSAIR,,,,,,,,,,,,,,,
DESTRUIR,DESTRUIR_EXTERMINAR,DESTRUIR_PREJUDICAR,DESTRUIR_QUEBRAR,,,,,,,,,,,,,,,
DESVIAR,DESVIAR_AUTOMÓVEL,DESVIAR_OBSTÁCULO,DESVIAR_PESSOA,,,,,,,,,,,,,,,
DETER,DETER_ADIAR,DETER_PARAR,DETER_PRENDER,,,,,,,,,,,,,,,
DETERIORAR,DETERIORAR_APODRECER,DETERIORAR_PREJUDICAR,,,,,,,,,,,,,,,,
DEVER,DEVER_ATIVIDADE,DEVER_DINHEIRO,DEVER_OBRIGAÇÃO,DEVER_POSSIBILIDADE,,,,,,,,,,,,,,
DIGITAL,DIGITAL_ALGARISMO,DIGITAL_COMPUTADOR,DIGITAL_DEDO,,,,,,,,,,,,,,,
DIMINUIR,DIMINUIR_BAIXAR,DIMINUIR_MATEMÁTICA,DIMINUIR_VOZ,,,,,,,,,,,,,,,
DIREITO,DIREITO_ADEQUADO,DIREITO_ADVOCACIA,DIREITO_DESTRO,DIREITO_LEI,,,,,,,,,,,,,,
DIRIGÍVEL,DIRIGÍVEL_BALÃO,DIRIGÍVEL_DIRIGIR,,,,,,,,,,,,,,,,
DISPARAR,DISPARAR_ACELERAR,DISPARAR_ALARME,DISPARAR_ESPINGARDA,DISPARAR_FLECHA,DISPARAR_REVÓLVER,,,,,,,,,,,,,
DISPOSIÇÃO,DISPOSIÇÃO_ÂNIMO,DISPOSIÇÃO_ORDEM,DISPOSIÇÃO_POSIÇÃO,DISPOSIÇÃO_TENDÊNCIA,DISPOSIÇÃO_USAR,,,,,,,,,,,,,
DISTRIBUIR,DISTRIBUIR_DIVIDIR,DISTRIBUIR_ESMOLA,DISTRIBUIR_ESPALHAR,DISTRIBUIR_FOLHETO,,,,,,,,,,,,,,
DIVIDIR,DIVIDIR_CLASSIFICAR,DIVIDIR_DEMARCAR,DIVIDIR_FUTEBOL,DIVIDIR_MATEMÁTICA,DIVIDIR_PARTIR,,,,,,,,,,,,,
DIVISA,DIVISA_INSÍGNIA,DIVISA_LIMITE,,,,,,,,,,,,,,,,
DIVÓRCIO,DIVÓRCIO_AMIGÁVEL,DIVÓRCIO_LITIGIOSO,DIVÓRCIO_SIMPLES,,,,,,,,,,,,,,,
DIÁRIO,DIÁRIO_COTIDIANO,DIÁRIO_LIVRO,,,,,,,,,,,,,,,,
DOAR,DOAR_DINHEIRO,DOAR_OBJETO,,,,,,,,,,,,,,,,
DOCUMENTO,DOCUMENTO_GENITÁLIA,DOCUMENTO_IDENTIDADE,DOCUMENTO_INFORMÁTICA,DOCUMENTO_MOTORISTA,DOCUMENTO_PAPEL,DOCUMENTO_PORTARIA,,,,,,,,,,,,
DOM,DOM_APTIDÃO,DOM_TÍTULO,,,,,,,,,,,,,,,,
DOMINAR,DOMINAR_CONHECER,DOMINAR_PREVALECER,DOMINAR_REPRIMIR,,,,,,,,,,,,,,,
DOR,DOR_BARRIGA,DOR_CABEÇA,DOR_DENTE,DOR_DOER,,,,,,,,,,,,,,
EDUCAÇÃO,EDUCAÇÃO_ARTÍSTICA,EDUCAÇÃO_BÁSICA,EDUCAÇÃO_DISTÂNCIA,EDUCAÇÃO_ENSINO,EDUCAÇÃO_PESSOA,EDUCAÇÃO_SUPERIOR,,,,,,,,,,,,
ELIMINAR,ELIMINAR_EXCLUIR,ELIMINAR_EXPULSAR,ELIMINAR_MATAR,,,,,,,,,,,,,,,
ELÁSTICO,ELÁSTICO_FLEXÍVEL,ELÁSTICO_OBJETO,ELÁSTICO_ROUPA,,,,,,,,,,,,,,,
EMBORA,EMBORA_MAS,EMBORA_SAIR,,,,,,,,,,,,,,,,
EMENDAR,EMENDAR_CORRIGIR,EMENDAR_LEI,,,,,,,,,,,,,,,,
EMPREGAR,EMPREGAR_ADMISSÃO,EMPREGAR_USAR,,,,,,,,,,,,,,,,
ENCARAR,ENCARAR_ANALISAR,ENCARAR_ENFRENTAR,ENCARAR_OLHAR,,,,,,,,,,,,,,,
ENCARECER,ENCARECER_ENALTECER,ENCARECER_EXAGERAR,ENCARECER_VALOR,,,,,,,,,,,,,,,
ENCORAJAR,ENCORAJAR_CORAGEM,ENCORAJAR_INCENTIVAR,,,,,,,,,,,,,,,,
ENFORCAR,ENFORCAR_CORDA,ENFORCAR_ESTRANGULAR,,,,,,,,,,,,,,,,
ENQUADRAR,ENQUADRAR_ADEQUAR,ENQUADRAR_CÂMERA,ENQUADRAR_DETER,ENQUADRAR_INCLUIR,ENQUADRAR_MOLDURA,,,,,,,,,,,,,
ENSINO,ENSINO_BÁSICO,ENSINO_DISTÂNCIA,ENSINO_FUNDAMENTAL,ENSINO_MÉDIO,ENSINO_PÚBLICO,ENSINO_SUPERIOR,,,,,,,,,,,,
ENTIDADE,ENTIDADE_INSTITUIÇÃO,ENTIDADE_RELIGIÃO,,,,,,,,,,,,,,,,
ENTRADA,ENTRADA_BILHETE,ENTRADA_COMIDA,ENTRADA_PORTA,,,,,,,,,,,,,,,
ENTRAR,ENTRAR_CONTATO,ENTRAR_DENTRO,ENTRAR_FORÇA,ENTRAR_INGRESSAR,ENTRAR_PESSOA,ENTRAR_VIGOR,,,,,,,,,,,,
ENVOLVER,ENVOLVER_EMBRULHAR,ENVOLVER_PARTICIPAR ,,,,,,,,,,,,,,,,
ENXUGAR,ENXUGAR_LÁGRIMA,ENXUGAR_LOUÇA,ENXUGAR_REDUZIR,,,,,,,,,,,,,,,
ERGUER,ERGUER_CONSTRUIR,ERGUER_LEVANTAR,ERGUER_MÃO,,,,,,,,,,,,,,,
ESCALAR,ESCALAR_ÁRVORE,ESCALAR_ESCOLHER,ESCALAR_LIMPAR,ESCALAR_SUBIR,,,,,,,,,,,,,,
ESCAPAR,ESCAPAR_FUGIR,ESCAPAR_SALVAR,,,,,,,,,,,,,,,,
ESCLARECER,ESCLARECER_EXPLICAR,ESCLARECER_ILUMINAR,,,,,,,,,,,,,,,,
ESCOVA,ESCOVA_CABELO,ESCOVA_DENTE,ESCOVA_ROUPA,ESCOVA_SAPATO,,,,,,,,,,,,,,
ESCREVER,ESCREVER_DIGITAR,ESCREVER_PAPEL,ESCREVER_QUADRO,,,,,,,,,,,,,,,
ESPALHAR,ESPALHAR_DESPALHAR,ESPALHAR_DISSEMINAR,ESPALHAR_INFORMAÇÃO,,,,,,,,,,,,,,,
ESPAÇO,ESPAÇO_LACUNA,ESPAÇO_LOCAL,ESPAÇO_UNIVERSO,,,,,,,,,,,,,,,
ESPREMER,ESPREMER_APERTAR,ESPREMER_ESPINHA,ESPREMER_FRUTA,,,,,,,,,,,,,,,
ESPÍRITO_SANTO,ESPÍRITO_SANTO_ESTADO,ESPÍRITO_SANTO_RELIGIÃO,,,,,,,,,,,,,,,,
ESQUISITO,ESQUISITO_EXCÊNTRICO,ESQUISITO_INCOMUM,,,,,,,,,,,,,,,,
ESSÊNCIA,ESSÊNCIA_PERFUME,ESSÊNCIA_SENTIDO,,,,,,,,,,,,,,,,
ESTADO,ESTADO_GOVERNO,ESTADO_SITUAÇÃO,,,,,,,,,,,,,,,,
ESTAÇÃO,ESTAÇÃO_LOCAL,ESTAÇÃO_RODOVIÁRIA,ESTAÇÃO_SAZONAL,ESTAÇÃO_TRANSMISSORA,ESTAÇÃO_TREM,,,,,,,,,,,,,
ESTENDER,ESTENDER_AMPLIAR,ESTENDER_EXTENSÃO,ESTENDER_TECIDO,,,,,,,,,,,,,,,
ESTRAGAR,ESTRAGAR_APODRECER,ESTRAGAR_PREJUDICAR,,,,,,,,,,,,,,,,
EXECUTAR,EXECUTAR_CANTAR,EXECUTAR_FAZER,EXECUTAR_MATAR,,,,,,,,,,,,,,,
EXEMPLAR,EXEMPLAR_CASTIGAR,EXEMPLAR_COLEÇÃO,EXEMPLAR_MODELO,EXEMPLAR_VIRTUDE,,,,,,,,,,,,,,
EXERCÍCIO,EXERCÍCIO_ATIVIDADE,EXERCÍCIO_FÍSICO,,,,,,,,,,,,,,,,
EXPERIMENTAR,EXPERIMENTAR_COMIDA,EXPERIMENTAR_EXECUTAR,EXPERIMENTAR_PESQUISA,EXPERIMENTAR_ROUPA,,,,,,,,,,,,,,
EXPRESSÃO,EXPRESSÃO_CARACTERÍSTICA ,EXPRESSÃO_CORPORAL,EXPRESSÃO_FACIAL,EXPRESSÃO_FRASE,EXPRESSÃO_PENSAMENTO,,,,,,,,,,,,,
EXTENSO,EXTENSO_COMPRIMENTO,EXTENSO_DURAÇÃO,,,,,,,,,,,,,,,,
EXTENSÃO,EXTENSÃO_ACADÊMICA,EXTENSÃO_ÁREA,EXTENSÃO_INFORMÁTICA,EXTENSÃO_TEMPO,,,,,,,,,,,,,,
EXTERIOR,EXTERIOR_EXTRÍNSECO,EXTERIOR_FORA,EXTERIOR_PAÍS,,,,,,,,,,,,,,,
EXTRAIR,EXTRAIR_ABSORVER,EXTRAIR_DENTE,EXTRAIR_TIRAR,,,,,,,,,,,,,,,
EXTRATO,EXTRATO_AUDITORIA,EXTRATO_BANCÁRIO,EXTRATO_TOMATE,,,,,,,,,,,,,,,
FAIXA,FAIXA_MÚSICA,FAIXA_ETÁRIA,FAIXA_OBJETO,FAIXA_PEDESTRE,FAIXA_PORÇÃO,,,,,,,,,,,,,
FALHAR,FALHAR_ERRAR,FALHAR_QUEBRAR,,,,,,,,,,,,,,,,
FALSO,FALSO_FALSIFICADO,FALSO_HIPOCRISIA,FALSO_MENTIRA,,,,,,,,,,,,,,,
FALTAR,FALTAR_AR,FALTAR_AULA,FALTAR_COISA,FALTAR_ENCONTRO,,,,,,,,,,,,,,
FANTASIA,FANTASIA_IMAGINAÇÃO,FANTASIA_ROUPA,,,,,,,,,,,,,,,,
FARTO,FARTO_ABORRECER,FARTO_ABUNDANTE,FARTO_GORDO,FARTO_SACIADO,,,,,,,,,,,,,,
FAZENDA,FAZENDA_PROPRIEDADE,FAZENDA_RECURSO,FAZENDA_TECIDO,,,,,,,,,,,,,,,
FECHAR,FECHAR_CHAVE,FECHAR_FALIR,FECHAR_JANELA ,FECHAR_LIVRO,FECHAR_OLHO,FECHAR_PORTA,FECHAR_TAMPAR,,,,,,,,,,,
FICAR,FICAR_AÍ,FICAR_LÁ,FICAR_NAMORAR,FICAR_PERMANECER,FICAR_VERMELHO,,,,,,,,,,,,,
FICHA,FICHA_FORMULÁRIO,FICHA_INFORMAÇÃO,FICHA_JOGO,FICHA_SENHA,,,,,,,,,,,,,,
FIEL,FIEL_ADEPTO,FIEL_FIDELIDADE,,,,,,,,,,,,,,,,
FILME,FILME_CINEMA,FILME_DRAMÁTICO,FILME_FAROESTE,FILME_FOTOGRÁFICO,FILME_PASTELÃO,FILME_PORNOGRÁFICO,,,,,,,,,,,,
FINO,FINO_EDUCAÇÃO,FINO_LARGURA,FINO_PROCEDÊNCIA,,,,,,,,,,,,,,,
FIRME,FIRME_ESTÁVEL,FIRME_SEGURO,,,,,,,,,,,,,,,,
FITA,FITA_ADESIVA,FITA_DENTAL,FITA_FAIXA,FITA_FINGIMENTO,FITA_GRAVAÇÃO,,,,,,,,,,,,,
FLAGELAR,FLAGELAR_AÇOITAR,FLAGELAR_CALAMIDADE,,,,,,,,,,,,,,,,
FLAMENGO,FLAMENGO_FLAMINGO,FLAMENGO_FLANDRES,FLAMENGO_FUTEBOL,,,,,,,,,,,,,,,
FOLHA,FOLHA_NATUREZA,FOLHA_PAPEL,,,,,,,,,,,,,,,,
FONTE,FONTE_ÁGUA,FONTE_CABEÇA,FONTE_ENERGIA,FONTE_INFORMAÇÃO,FONTE_LETRA,FONTE_NASCENTE,FONTE_ORIGEM,,,,,,,,,,,
FORA,FORA_CONTEXTO,FORA_EXPRESSÃO,FORA_EXTERNO,FORA_REJEIÇÃO,FORA_SAIR,,,,,,,,,,,,,
FORMAR,FORMAR_DIPLOMA,FORMAR_ELABORAR,,,,,,,,,,,,,,,,
FORTALEZA,FORTALEZA_CIDADE,FORTALEZA_FORÇA,FORTALEZA_FUTEBOL,FORTALEZA_LOCAL,,,,,,,,,,,,,,
FORTE,FORTE_INTENSIDADE,FORTE_LOCAL,FORTE_MUSCULOSO,,,,,,,,,,,,,,,
FORÇAR,FORÇAR_ARROMBAR,FORÇAR_OBRIGAR,,,,,,,,,,,,,,,,
FRESCO,FRESCO_CLIMA,FRESCO_ESNOBE,FRESCO_RECENTE,,,,,,,,,,,,,,,
FUNDO,FUNDO_ATRÁS,FUNDO_CERNE,FUNDO_DINHEIRO,FUNDO_PROFUNDO,,,,,,,,,,,,,,
FURAR,FURAR_PENETRA,FURAR_PERFURAR,,,,,,,,,,,,,,,,
GABINETE,GABINETE_BANHEIRO,GABINETE_GOVERNO,GABINETE_LABORATÓRIO,GABINETE_SALA,,,,,,,,,,,,,,
GALERIA,GALERIA_ARTE,GALERIA_FOTO,GALERIA_SUBTERRÂNEA,GALERIA_VARANDA,,,,,,,,,,,,,,
GARRAFA,GARRAFA_PLÁSTICO,GARRAFA_VIDRO,,,,,,,,,,,,,,,,
GASTAR,GASTAR_DESGASTAR,GASTAR_DINHEIRO,,,,,,,,,,,,,,,,
GELO,GELO_ÁGUA,GELO_FRIO,GELO_INSENSIBILIDADE,,,,,,,,,,,,,,,
GENÉRICO,GENÉRICO_GÊNERO,GENÉRICO_GERAL,GENÉRICO_REMÉDIO,,,,,,,,,,,,,,,
GERAR,GERAR_NASCER,GERAR_ORIGEM,GERAR_PRODUZIR,,,,,,,,,,,,,,,
GOLPE,GOLPE_BATER,GOLPE_DESFALQUE,GOLPE_ESTADO,,,,,,,,,,,,,,,
GOZAR,GOZAR_DEBOCHAR,GOZAR_DESFRUTAR,GOZAR_ORGASMO,,,,,,,,,,,,,,,
GRADE,GRADE_BARRA,GRADE_CURRICULAR,GRADE_FERRO,,,,,,,,,,,,,,,
GRAU,GRAU_ÂNGULO,GRAU_CELSIUS,GRAU_ESCOLAR,GRAU_NÍVEL,GRAU_ÓCULOS,GRAU_PARENTESCO,GRAU_TEMPERATURA,,,,,,,,,,,
GRAVATA,GRAVATA_BORBOLETA,GRAVATA_GOLPE,GRAVATA_TRADICIONAL,,,,,,,,,,,,,,,
GRAVIDADE,GRAVIDADE_SERIEDADE,GRAVIDADE_TERRESTRE,,,,,,,,,,,,,,,,
GRAÇA,GRAÇA_ABENÇOAR,GRAÇA_AGRADECER,GRAÇA_ENGRAÇADO,GRAÇA_GRACIOSIDADE,GRAÇA_GRATUITO,GRAÇA_PRONOME,,,,,,,,,,,,
GRÊMIO,GRÊMIO_ESTUDANTIL,GRÊMIO_FUTEBOL,,,,,,,,,,,,,,,,
GUARDAR,GUARDAR_CONSERVAR,GUARDAR_VIGIAR,,,,,,,,,,,,,,,,
GUIA,GUIA_DOCUMENTO,GUIA_FORMULÁRIO,GUIA_GUIAR,GUIA_PESSOAS,,,,,,,,,,,,,,
HIGIENE,HIGIENE_CASA,HIGIENE_CORPORAL,HIGIENE_LIMPEZA,,,,,,,,,,,,,,,
IDENTIDADE,IDENTIDADE_ATRIBUTO,IDENTIDADE_DOCUMENTO,IDENTIDADE_GÊNERO,,,,,,,,,,,,,,,
IMAGEM,IMAGEM_ILUSTRAÇÃO,IMAGEM_REPRESENTAÇÃO,IMAGEM_SATÉLITE,,,,,,,,,,,,,,,
IMPORTAR,IMPORTAR_COMPRAR,IMPORTAR_IMPORTÂNCIA,IMPORTAR_INFORMÁTICA,,,,,,,,,,,,,,,
IMPRENSA,IMPRENSA_PROFISSIONAL,IMPRENSA_PUBLICAÇÃO,IMPRENSA_TIPOGRAFIA,,,,,,,,,,,,,,,
IMPRESSÃO,IMPRESSÃO_DIGITAL,IMPRESSÃO_LITERÁRIA,IMPRESSÃO_OPINIÃO,IMPRESSÃO_PAPEL,IMPRESSÃO_PRESSIONAR,IMPRESSÃO_VESTÍGIO,,,,,,,,,,,,
INCISO,INCISO_CORTE,INCISO_GRAMÁTICA,INCISO_LEI,,,,,,,,,,,,,,,
INDICAR,INDICAR_MENCIONAR,INDICAR_MOSTRAR,INDICAR_RECOMENDAR,,,,,,,,,,,,,,,
INGRESSO,INGRESSO_BILHETE,INGRESSO_ENTRADA,,,,,,,,,,,,,,,,
INSPIRAR,INSPIRAR_ANIMAR,INSPIRAR_AR,INSPIRAR_INFLUÊNCIA,,,,,,,,,,,,,,,
INSTRUMENTO,INSTRUMENTO_MÉTODO,INSTRUMENTO_MUSICAL,INSTRUMENTO_OBJETO,,,,,,,,,,,,,,,
INTEGRAL,INTEGRAL_ALIMENTO,INTEGRAL_COMPLETO,INTEGRAL_TEMPO,,,,,,,,,,,,,,,
INTERIOR,INTERIOR_CIDADE,INTERIOR_DENTRO,INTERIOR_PESSOA,,,,,,,,,,,,,,,
INTERNACIONAL,INTERNACIONAL_EXTERIOR,INTERNACIONAL_FUTEBOL,,,,,,,,,,,,,,,,
JANELA,JANELA_CASA,JANELA_INFORMÁTICA,JANELA_LOCAL,JANELA_TAMANHO,,,,,,,,,,,,,,
JOGAR,JOGAR_ARREMESSAR,JOGAR_BARALHO,JOGAR_BASQUETE,JOGAR_BEISEBOL,JOGAR_BILHAR,JOGAR_JOGO,,,,,,,,,,,,
JUNTAR,JUNTAR_RELACIONAMENTO,JUNTAR_UNIR,,,,,,,,,,,,,,,,
JUSTO,JUSTO_APERTADO,JUSTO_JUSTIÇA,,,,,,,,,,,,,,,,
LAMPIÃO,LAMPIÃO_FAMOSO,LAMPIÃO_OBJETO,,,,,,,,,,,,,,,,
LANÇAR,LANÇAR_ARREMESSAR,LANÇAR_DESPEJAR,LANÇAR_PUBLICAR,,,,,,,,,,,,,,,
LARANJA,LARANJA_COR,LARANJA_FRUTA,,,,,,,,,,,,,,,,
LARGADA,LARGADA_ESPORTE,LARGADA_FAÇANHA,,,,,,,,,,,,,,,,
LARGAR,LARGAR_ABANDONAR,LARGAR_SOLTAR,,,,,,,,,,,,,,,,
LEGAL,LEGAL_BOM,LEGAL_LEI,,,,,,,,,,,,,,,,
LEVE,LEVE_SIMPLES,,,,,,,,,,,,,,,,,
LIBRA,LIBRA_MEDIDA,LIBRA_MOEDA,LIBRA_SIGNO,,,,,,,,,,,,,,,
LICENÇA,LICENÇA_DOCUMENTO,LICENÇA_MATERNIDADE,LICENÇA_PERMISSÃO,,,,,,,,,,,,,,,
LIGA,LIGA_ELÁSTICO,LIGA_GRUPO,LIGA_METÁLICA,,,,,,,,,,,,,,,
LIGAR,LIGAR_CARRO,LIGAR_LUZ,LIGAR_SORTE,LIGAR_TELEFONAR,LIGAR_TV,LIGAR_UNIR,,,,,,,,,,,,
LIGAÇÃO,LIGAÇÃO_RELAÇÃO,LIGAÇÃO_TELEFONE,,,,,,,,,,,,,,,,
LINHA,LINHA_COSTURA,LINHA_ESTUDO,LINHA_FRASE,LINHA_LIMITE,LINHA_MODELO,LINHA_PARENTESCO,LINHA_PESCAR,LINHA_REGRA,LINHA_RISCO,LINHA_TRAJETO,LINHA_TREM,,,,,,,
LIXO,LIXO_LATA,LIXO_OBJETO,,,,,,,,,,,,,,,,
LOGO,LOGO_BREVEMENTE,LOGO_LUGAR,LOGO_PORTANTO,,,,,,,,,,,,,,,
LONGO,LONGO_COMPRIMENTO,LONGO_DURAÇÃO,,,,,,,,,,,,,,,,
LULA,LULA_ANIMAL,LULA_FAMOSO,,,,,,,,,,,,,,,,
LUTAR,LUTAR_BATER,LUTAR_COMBATER,LUTAR_ENFRENTAR,,,,,,,,,,,,,,,
LÂMINA,LÂMINA_ESTAMPA,LÂMINA_ESTILETE,LÂMINA_GILETE,LÂMINA_PLACA,,,,,,,,,,,,,,
LÍNGUA,LÍNGUA_LINGUAGEM,LÍNGUA_MATERNA,LÍNGUA_ÓRGÃO,LÍNGUA_SINAIS,,,,,,,,,,,,,,
MADURO,MADURO_FRUTA,MADURO_PESSOA,,,,,,,,,,,,,,,,
MAIOR,MAIOR_IDADE,MAIOR_MATEMÁTICA,MAIOR_MELHOR,MAIOR_TAMANHO,,,,,,,,,,,,,,
MAIS,MAIS_ADIÇÃO,MAIS_QUANTIDADE,MAIS_SOMAR,MAIS_SUPERIOR,,,,,,,,,,,,,,
MALHADA,MALHADA_CURRAL,MALHADA_ENREDO,MALHADA_MARTELAR,MALHADA_RAÇA,,,,,,,,,,,,,,
MANCAR,MANCAR_COXEAR,MANCAR_GÍRIA,,,,,,,,,,,,,,,,
MANGA,MANGA_FRUTA,MANGA_ROUPA,,,,,,,,,,,,,,,,
MANGUEIRA,MANGUEIRA_ÁRVORE,MANGUEIRA_CARNAVAL,MANGUEIRA_OBJETO,,,,,,,,,,,,,,,
MANIFESTAÇÃO,MANIFESTAÇÃO_EXPRESSAR,MANIFESTAÇÃO_GRUPO,,,,,,,,,,,,,,,,
MANIPULAR,MANIPULAR_INFLUENCIAR,MANIPULAR_MANUSEAR,MANIPULAR_MISTURAR,,,,,,,,,,,,,,,
MANUAL,MANUAL_LIVRO,MANUAL_MÃO,,,,,,,,,,,,,,,,
MARCA,MARCA_EMPRESA,MARCA_LIMITE,MARCA_SINAL,,,,,,,,,,,,,,,
MARCAR,MARCAR_COMBINAR,MARCAR_PELE,MARCAR_REGISTRAR,MARCAR_SINAL,,,,,,,,,,,,,,
MARCO,MARCO_EVENTO,MARCO_LOCAL,MARCO_MOEDA,,,,,,,,,,,,,,,
MARGEM,MARGEM_LIMITE,MARGEM_PAPEL,MARGEM_PRETEXTO,,,,,,,,,,,,,,,
MATÉRIA,MATÉRIA_DISCIPLINA,MATÉRIA_PRIMA,MATÉRIA_PUBLICAÇÃO,MATÉRIA_SUBSTÂNCIA,,,,,,,,,,,,,,
MEDIDA,MEDIDA_AÇÃO,MEDIDA_MEDIR,,,,,,,,,,,,,,,,
MEIA,MEIA_CALÇA,MEIA_ENTRADA,MEIA_HORA,MEIA_LUZ,MEIA_NOITE,MEIA_ROUPA,,,,,,,,,,,,
MEIO,MEIO_AMBIENTE,MEIO_COMUNICAÇÃO,MEIO_DENTRO,MEIO_IRMÃO,MEIO_METADE,MEIO_MÉTODO,,,,,,,,,,,,
MEMBRO,MEMBRO_GENITAL,MEMBRO_GRUPO,MEMBRO_INFERIOR,MEMBRO_SUPERIOR,,,,,,,,,,,,,,
MENOR,MENOR_TAMANHO,MENOR_MATEMÁTICA,,,,,,,,,,,,,,,,
METAL,METAL_MÚSICA,METAL_OBJETO,METAL_TOM,,,,,,,,,,,,,,,
MINA,MINA_ESCAVAÇÃO,MINA_LINGUAGEM,MINA_MEDIÇÃO,MINA_MULHER,MINA_ORIGEM,,,,,,,,,,,,,
MOLE,MOLE_ELÁSTICO,MOLE_EXPRESSÃO,MOLE_FÁCIL,MOLE_PESSOA,MOLE_QUANTIDADE,,,,,,,,,,,,,
MOLHO,MOLHO_CALDO,MOLHO_PENCA,,,,,,,,,,,,,,,,
MONITOR,MONITOR_ASSISTENTE,MONITOR_INFORMÁTICA,,,,,,,,,,,,,,,,
MONTAR,MONTAR_CAVALGAR,MONTAR_ENCAIXAR,MONTAR_INSTALAR,MONTAR_ORGANIZAR,,,,,,,,,,,,,,
MORRO,MORRO_FAVELA,MORRO_MONTE,,,,,,,,,,,,,,,,
MUDAR,MUDAR_APARÊNCIA,MUDAR_ASSUNTO,MUDAR_CASA,MUDAR_HUMOR,MUDAR_OPINIÃO,,,,,,,,,,,,,
MULTIPLICAR,MULTIPLICAR_MATEMÁTICA,MULTIPLICAR_PROLIFERAR,,,,,,,,,,,,,,,,
MÉDIA,MÉDIA_AVALIAÇÃO,MÉDIA_NÍVEL,MÉDIA_POSIÇÃO,,,,,,,,,,,,,,,
NAVE,NAVE_EMBARCAÇÃO,NAVE_ESPACIAL,NAVE_IGREJA,,,,,,,,,,,,,,,
NAVEGAR,NAVEGAR_ADIANTE,NAVEGAR_CONDUZIR,NAVEGAR_INFORMÁTICA,,,,,,,,,,,,,,,
NAVEGAÇÃO,NAVEGAÇÃO_INFORMÁTICA,NAVEGAÇÃO_NAVIO,,,,,,,,,,,,,,,,
NEGATIVO,NEGATIVO_FOTOGRAFIA,NEGATIVO_NEGAÇÃO,NEGATIVO_PREJUDICAR,NEGATIVO_TEMPERATURA,,,,,,,,,,,,,,
NEGRO,NEGRO_COR,NEGRO_ETNIA,,,,,,,,,,,,,,,,
NOBRE,NOBRE_ARISTOCRATA,NOBRE_DIGNO,,,,,,,,,,,,,,,,
NOTA,NOTA_AVALIAR,NOTA_FISCAL,NOTA_MENSAGEM,NOTA_MUSICAL,,,,,,,,,,,,,,
NOVO,NOVO_IDADE,NOVO_RECENTE,,,,,,,,,,,,,,,,
OBRA,OBRA_ARTE,OBRA_CONSTRUÇÃO,OBRA_LITERÁRIA,OBRA_PRIMA,OBRA_TRABALHO,,,,,,,,,,,,,
OBRIGADO,OBRIGADO_AGRADECIMENTO,OBRIGADO_FORÇAR,,,,,,,,,,,,,,,,
OFERTA,OFERTA_IGREJA,OFERTA_OFERECER,OFERTA_VALOR,,,,,,,,,,,,,,,
OFICIAL,OFICIAL_JUSTIÇA,OFICIAL_LEGAL,OFICIAL_PROFISSÃO,,,,,,,,,,,,,,,
OLHAR,OLHAR_CUIDAR,OLHAR_VER,OLHAR_VOLTA,,,,,,,,,,,,,,,
OPERAÇÃO,OPERAÇÃO_AÇÃO,OPERAÇÃO_CIRURGIA,OPERAÇÃO_MATEMÁTICA,,,,,,,,,,,,,,,
ORDEM,ORDEM_ORDENAR,ORDEM_ORGANIZAR,ORDEM_SACRAMENTO,,,,,,,,,,,,,,,
ORELHÃO,ORELHÃO_CAXUMBA,ORELHÃO_ORELHUDO,ORELHÃO_TELEFONE,,,,,,,,,,,,,,,
ORGANIZAÇÃO,ORGANIZAÇÃO_DIRETRIZ,ORGANIZAÇÃO_INSTITUIÇÃO,ORGANIZAÇÃO_ORGANIZAR,,,,,,,,,,,,,,,
PACIENTE,PACIENTE_CALMO,PACIENTE_DOENTE,,,,,,,,,,,,,,,,
PACOTE,PACOTE_CONJUNTO,PACOTE_EMBRULHO,PACOTE_INFORMÁTICA,,,,,,,,,,,,,,,
PALÁCIO,PALÁCIO_GOVERNO,PALÁCIO_MANSÃO,,,,,,,,,,,,,,,,
PANCADA,PANCADA_CHUVA,PANCADA_COLISÃO,PANCADA_CONTUSÃO,PANCADA_SOCO,,,,,,,,,,,,,,
PAPA,PAPA_MINGAU,PAPA_PONTÍFICE,,,,,,,,,,,,,,,,
PAPAGAIO,PAPAGAIO_AVE,PAPAGAIO_PIPA,,,,,,,,,,,,,,,,
PAPEL,PAPEL_ESCREVER,PAPEL_PERSONAGEM,,,,,,,,,,,,,,,,
PARADA,PARADA_DESFILE,PARADA_MUSICAL,PARADA_ÔNIBUS,,,,,,,,,,,,,,,
PARAR,PARAR_ENCERRAR,PARAR_INTERROMPER,,,,,,,,,,,,,,,,
PARECER,PARECER_APARÊNCIA,PARECER_OPINIÃO,,,,,,,,,,,,,,,,
PARTIDA,PARTIDA_JOGO,PARTIDA_PEDAÇO,PARTIDA_SAÍDA,,,,,,,,,,,,,,,
PARTIR,PARTIR_COMEÇAR,PARTIR_CORTAR,PARTIR_SAIR,,,,,,,,,,,,,,,
PASSAGEIRO,PASSAGEIRO_PESSOA,PASSAGEIRO_TEMPORÁRIO,,,,,,,,,,,,,,,,
PASSAGEM,PASSAGEM_LOCAL,PASSAGEM_MUDAR,PASSAGEM_VIAGEM,,,,,,,,,,,,,,,
PASSAR,PASSAR_CARRO,PASSAR_CONSEGUIR,PASSAR_ENTREGAR,PASSAR_PESSOA,PASSAR_ROUPA,PASSAR_TEMPO,,,,,,,,,,,,
PASSO,PASSO_ANDAR,PASSO_CENA,PASSO_DANÇAR,PASSO_EXTENSÃO,PASSO_MÉTODO,PASSO_SECO,,,,,,,,,,,,
PASTA,PASTA_DENTE,PASTA_DOCUMENTO,PASTA_GOVERNO,PASTA_MASSA,,,,,,,,,,,,,,
PATA,PATA_ANIMAL,PATA_PÉ,,,,,,,,,,,,,,,,
PEDIDO,PEDIDO_ENCOMENDA,PEDIDO_PEDIR,,,,,,,,,,,,,,,,
PEGAR,PEGAR_APEGAR,PEGAR_CAPTURAR,PEGAR_EMBARCAR,PEGAR_OBJETO,PEGAR_SURPREENDER,,,,,,,,,,,,,
PELADO,PELADO_ESFOLADO,PELADO_NU,PELADO_PELO,,,,,,,,,,,,,,,
PENA,PENA_AVE,PENA_COMPAIXÃO,PENA_PENALIDADE,,,,,,,,,,,,,,,
PENSÃO,PENSÃO_ALIMENTO,PENSÃO_AUXÍLIO,PENSÃO_LOCAL,,,,,,,,,,,,,,,
PERFIL,PERFIL_DESCRIÇÃO,PERFIL_ROSTO,,,,,,,,,,,,,,,,
PERMITIR,PERMITIR_ESCRITO,PERMITIR_LIBERAR,PERMITIR_VERBAL,,,,,,,,,,,,,,,
PERU,PERU_ANIMAL,PERU_PAÍS,,,,,,,,,,,,,,,,
PESAR,PESAR_OPRIMIR,PESAR_PESO,PESAR_TRISTEZA,,,,,,,,,,,,,,,
PESO,PESO_CORPORAL,PESO_MOEDA,PESO_OBJETO,PESO_OPRESSÃO,,,,,,,,,,,,,,
PESSOAL,PESSOAL_PARTICULAR,PESSOAL_GRUPO,,,,,,,,,,,,,,,,
PEÇA,PEÇA_MÚSICA,PEÇA_OBJETO,PEÇA_SALA,PEÇA_TEATRO,,,,,,,,,,,,,,
PILHA,PILHA_AMONTOAR,PILHA_OBJETO,PILHA_ROUBAR,,,,,,,,,,,,,,,
PIRANHA,PIRANHA_PEIXE,PIRANHA_VULGAR,,,,,,,,,,,,,,,,
PISO,PISO_CHÃO,PISO_PISADA,PISO_PRÉDIO,PISO_SALÁRIO,PISO_TÁTIL,,,,,,,,,,,,,
PISTA,PISTA_RUA,PISTA_VESTÍGIO,,,,,,,,,,,,,,,,
PIVÔ,PIVÔ_DENTE,PIVÔ_ESPORTE,PIVÔ_MOTIVO,,,,,,,,,,,,,,,
PLANALTO,PLANALTO_GOVERNO,PLANALTO_SUPERFÍCIE,,,,,,,,,,,,,,,,
PLANO,PLANO_EXISTÊNCIA,PLANO_LISO,PLANO_PLURIANUAL,PLANO_PROJETO,PLANO_SAÚDE,,,,,,,,,,,,,
PLANTA,PLANTA_BAIXA,PLANTA_CONSTRUÇÃO,PLANTA_VEGETAL,,,,,,,,,,,,,,,
PLATAFORMA,PLATAFORMA_COMPUTADOR,PLATAFORMA_SAPATO,PLATAFORMA_SUPERFÍCIE,PLATAFORMA_TREM,,,,,,,,,,,,,,
PLENÁRIO,PLENÁRIO_INTEIRO,PLENÁRIO_REUNIÃO,,,,,,,,,,,,,,,,
PODER,PODER_DOM,PODER_EXECUTIVO,PODER_INFLUÊNCIA,PODER_JUDICIÁRIO,PODER_LEGISLATIVO,PODER_POSSIBILIDADE,PODER_POTÊNCIA,,,,,,,,,,,
POLO,POLO_AQUÁTICO,POLO_CAMISA,POLO_ESPORTE,POLO_LOCAL,POLO_ORIENTAR,POLO_TERRESTRE,,,,,,,,,,,,
PONTEIRO,PONTEIRO_BÚSSOLA,PONTEIRO_CERTEIRO,PONTEIRO_COMPETIÇÃO,PONTEIRO_RELÓGIO,,,,,,,,,,,,,,
PONTO,PONTO_AVALIAÇÃO,PONTO_CIRÚRGICO,PONTO_COSTURAR,PONTO_COZINHAR,PONTO_GRAMÁTICA,PONTO_LOCAL,PONTO_MARCA,PONTO_ÔNIBUS,PONTO_SITUAÇÃO,,,,,,,,,
PORCO,PORCO_ANIMAL,PORCO_SUJO,,,,,,,,,,,,,,,,
PORTAL,PORTAL_ENTRADA,PORTAL_SITE,,,,,,,,,,,,,,,,
PORTARIA,PORTARIA_DOCUMENTO,PORTARIA_PORTÃO,,,,,,,,,,,,,,,,
PORTE,PORTE_ARMA,PORTE_COMPORTAMENTO,PORTE_TAMANHO,PORTE_TRANSPORTAR,,,,,,,,,,,,,,
PORTO,PORTO_CIDADE,PORTO_MAR,PORTO_VINHO,,,,,,,,,,,,,,,
POSTO,POSTO_CARGO,POSTO_COLOCAR,POSTO_GASOLINA,POSTO_LOCAL,POSTO_SAÚDE,,,,,,,,,,,,,
POTÊNCIA,POTÊNCIA_PAÍS,POTÊNCIA_PODER,POTÊNCIA_SEXO,,,,,,,,,,,,,,,
PRAZER,PRAZER_SATISFAÇÃO,PRAZER_SEXUAL,,,,,,,,,,,,,,,,
PRAZO,PRAZO_PRESTAÇÃO,PRAZO_TEMPO,,,,,,,,,,,,,,,,
PRECISÃO,PRECISÃO_EXATIDÃO,PRECISÃO_PRECISAR,,,,,,,,,,,,,,,,
PREGADOR,PREGADOR_ORADOR,PREGADOR_PRENDER,,,,,,,,,,,,,,,,
PREGAR,PREGAR_FIXAR,PREGAR_SERMÃO,,,,,,,,,,,,,,,,
PREGUIÇA,PREGUIÇA_ANIMAL,PREGUIÇA_CORDA,PREGUIÇA_ÓCIO,,,,,,,,,,,,,,,
PRESENTE,PRESENTE_OBJETO,PRESENTE_PRESENÇA,PRESENTE_TEMPO,,,,,,,,,,,,,,,
PRESSÃO,PRESSÃO_ARTERIAL,PRESSÃO_ATMOSFÉRICA,PRESSÃO_COAÇÃO,PRESSÃO_COMPRIMIR,PRESSÃO_PARCIAL,,,,,,,,,,,,,
PRESTAÇÃO,PRESTAÇÃO_ATENDIMENTO,PRESTAÇÃO_CONTA,PRESTAÇÃO_CONTRATO,PRESTAÇÃO_PAGAMENTO,,,,,,,,,,,,,,
PRETO,PRETO_COR,PRETO_ESCURO,PRETO_ETNIA,,,,,,,,,,,,,,,
PREVIDÊNCIA,PREVIDÊNCIA_FUTURO,PREVIDÊNCIA_PRIVADA,PREVIDÊNCIA_SOCIAL,,,,,,,,,,,,,,,
PRIMEIRO,PRIMEIRO_FUNDAMENTAL,PRIMEIRO_INICIAR,PRIMEIRO_ORDINAL,PRIMEIRO_SEQUÊNCIA,,,,,,,,,,,,,,
PRIMO,PRIMO_FAMILIAR,PRIMO_NÚMERO,PRIMO_PRIMEIRO,,,,,,,,,,,,,,,
PRIVADA,PRIVADA_PARTICULAR,PRIVADA_SANITÁRIO,,,,,,,,,,,,,,,,
PRIVADO,PRIVADO_DESPROVER,PRIVADO_PARTICULAR,PRIVADO_SECRETO,,,,,,,,,,,,,,,
PROCESSO,PROCESSO_DOCUMENTO,PROCESSO_SEQUÊNCIA,,,,,,,,,,,,,,,,
PROGRAMA,PROGRAMA_DISCIPLINA,PROGRAMA_INFORMÁTICA,PROGRAMA_LAZER,PROGRAMA_PROJETO,PROGRAMA_TELEVISÃO,,,,,,,,,,,,,
PROJETO,PROJETO_CÓDIGO,PROJETO_DOCUMENTO,PROJETO_EXECUTIVO,PROJETO_FUTURO,PROJETO_LEI,,,,,,,,,,,,,
PROMOVER,PROMOVER_ANUNCIAR,PROMOVER_CARGO,PROMOVER_CAUSAR,,,,,,,,,,,,,,,
PROMOÇÃO,PROMOÇÃO_PREÇO,PROMOÇÃO_PROMOVER,,,,,,,,,,,,,,,,
PROVA,PROVA_AVALIAÇÃO,PROVA_BALA,PROVA_COMPETIÇÃO,PROVA_EVIDÊNCIA,,,,,,,,,,,,,,
PROVAR,PROVAR_COMIDA,PROVAR_COMPROVAR,PROVAR_EXPERIMENTAR,PROVAR_ROUPA,PROVAR_SAPATO,,,,,,,,,,,,,
PROVOCAR,PROVOCAR_CAUSA,PROVOCAR_IRRITAR,,,,,,,,,,,,,,,,
PRÁTICO,PRÁTICO_AÇÃO,PRÁTICO_ADAPTAR,PRÁTICO_PROFISSÃO,,,,,,,,,,,,,,,
PRÓXIMO,PRÓXIMO_PERTO,PRÓXIMO_SEGUINTE,,,,,,,,,,,,,,,,
PUBLICAR,PUBLICAR_DIVULGAR,PUBLICAR_LIVRO,,,,,,,,,,,,,,,,
PUBLICAÇÃO,PUBLICAÇÃO_OBRA,PUBLICAÇÃO_PUBLICAR,,,,,,,,,,,,,,,,
PÁGINA,PÁGINA_AMARELA,PÁGINA_FOLHA,PÁGINA_PERÍODO,PÁGINA_SITE,,,,,,,,,,,,,,
PÔR,PÔR_ANOTAR,PÔR_COLOCAR,PÔR_FIXAR,PÔR_FOGO,PÔR_OVO,PÔR_ROUPA,PÔR_SOL,,,,,,,,,,,
PÚBLICO,PÚBLICO_GOVERNO,PÚBLICO_GRUPO,PÚBLICO_PESSOA,,,,,,,,,,,,,,,
QUADRA,QUADRA_DOMINÓ,QUADRA_ESPORTE,QUADRA_QUATRO,QUADRA_RUA,,,,,,,,,,,,,,
QUADRADO,QUADRADO_GEOMETRIA,QUADRADO_IGNORANTE,QUADRADO_PIPA,,,,,,,,,,,,,,,
QUADRILHA,QUADRILHA_DANÇA,QUADRILHA_LADRÃO,,,,,,,,,,,,,,,,
QUADRO,QUADRO_BICICLETA,QUADRO_GRUPO,QUADRO_MOLDURA,QUADRO_OBJETO,QUADRO_SITUAÇÃO,QUADRO_TABELA,,,,,,,,,,,,
QUANTO,QUANTO_QUANTIDADE,QUANTO_VALOR,,,,,,,,,,,,,,,,
QUARTO,QUARTO_CÔMODO,QUARTO_ORDINAL,QUARTO_SEQUÊNCIA,,,,,,,,,,,,,,,
QUEBRAR,QUEBRAR_DESTRUIR,QUEBRAR_FALIR,,,,,,,,,,,,,,,,
QUINTO,QUINTO_LOCAL,QUINTO_ORDINAL,,,,,,,,,,,,,,,,
RAMO,RAMO_ÁREA,RAMO_BUQUÊ,RAMO_GALHO,,,,,,,,,,,,,,,
REAL,REAL_MOEDA,REAL_REALEZA,REAL_VERDADE,,,,,,,,,,,,,,,
REBOCAR,REBOCAR_CIMENTAR,REBOCAR_GUINCHAR,REBOCAR_MAQUIAGEM,,,,,,,,,,,,,,,
RECADO,RECADO_ESCRITO,RECADO_OBJETO,RECADO_VERBAL,,,,,,,,,,,,,,,
RECEITA,RECEITA_MONETÁRIA,RECEITA_PREPARAR,RECEITA_PRESCRIÇÃO,,,,,,,,,,,,,,,
REDE,REDE_BALANÇO,REDE_FUTEBOL,REDE_GRUPO,REDE_INFORMÁTICA,REDE_PESCAR,REDE_SOCIAL,,,,,,,,,,,,
REFINADO,REFINADO_EDUCAÇÃO,REFINADO_FINO,,,,,,,,,,,,,,,,
REGIME,REGIME_DEMOCRÁTICO,REGIME_DIETA,REGIME_JURÍDICO,,,,,,,,,,,,,,,
RELACIONAR,RELACIONAR_AFETIVO,RELACIONAR_COMPARAR,RELACIONAR_LISTAR,,,,,,,,,,,,,,,
RELAÇÃO,RELAÇÃO_RELATAR,RELAÇÃO_SEXUAL,RELAÇÃO_VÍNCULO,,,,,,,,,,,,,,,
REMOVER,REMOVER_EXCLUIR,REMOVER_MUDAR,,,,,,,,,,,,,,,,
RENDA,RENDA_DINHEIRO,RENDA_TECIDO,,,,,,,,,,,,,,,,
REPARAR,REPARAR_CONSERTAR,REPARAR_OBSERVAR,REPARAR_RESSARCIR,,,,,,,,,,,,,,,
RESPEITO,RESPEITO_ASSUNTO,RESPEITO_RESPEITAR,,,,,,,,,,,,,,,,
RESSACA,RESSACA_BEBIDA,RESSACA_MAR,,,,,,,,,,,,,,,,
REVISTA,REVISTA_INSPEÇÃO,REVISTA_PUBLICAÇÃO,,,,,,,,,,,,,,,,
RISCO,RISCO_LINHA,RISCO_PERIGO,,,,,,,,,,,,,,,,
RIVAL,RIVAL_ADVERSÁRIO,RIVAL_INIMIGO,,,,,,,,,,,,,,,,
ROLETA,ROLETA_CATRACA,ROLETA_JOGO,ROLETA_RUSSA,,,,,,,,,,,,,,,
ROLO,ROLO_FILME,ROLO_MASSA,ROLO_PAPEL,ROLO_PÁSSARO,ROLO_TUMULTO,,,,,,,,,,,,,
ROSA,ROSA_COR,ROSA_FLOR,ROSA_VENTOS,,,,,,,,,,,,,,,
SABÃO,SABÃO_PEDRA,SABÃO_PÓ,SABÃO_SABEDORIA,,,,,,,,,,,,,,,
SACAR,SACAR_DINHEIRO,SACAR_PERCEBER,SACAR_TIRAR,SACAR_VÔLEI,,,,,,,,,,,,,,
SAIA,SAIA_JUSTA,SAIA_MOBÍLIA,SAIA_PROTEÇÃO,SAIA_ROUPA,,,,,,,,,,,,,,
SALA,SALA_AULA,SALA_CIRURGIA,SALA_COMUM,SALA_DESEMBARQUE,SALA_EMBARQUE,SALA_EMERGÊNCIA,SALA_ESPERA,SALA_JANTAR,SALA_PROFESSOR,SALA_RECURSOS,SALA_REUNIÃO,SALA_SEGURA,SALA_TRIAGEM,SALA_TV,SALA_VÍDEO,SALA_VISITA,,
SALMÃO,SALMÃO_COR,SALMÃO_PEIXE,,,,,,,,,,,,,,,,
SALVADOR,SALVADOR_CIDADE,SALVADOR_SALVAR,,,,,,,,,,,,,,,,
SALVAR,SALVAR_ARQUIVO,SALVAR_CUMPRIMENTAR,SALVAR_RESGATAR,SALVAR_SALVAÇÃO,,,,,,,,,,,,,,
SANITÁRIO,SANITÁRIO_BANHEIRO,SANITÁRIO_SAÚDE,,,,,,,,,,,,,,,,
SAÍDA,SAÍDA_ESPORTE,SAÍDA_INFORMÁTICA,SAÍDA_PORTA,,,,,,,,,,,,,,,
SEDE,SEDE_BEBER,SEDE_LOCAL,SEDE_SUPORTE,,,,,,,,,,,,,,,
SEGUINTE,SEGUINTE_INDICAR,SEGUINTE_PRÓXIMO,,,,,,,,,,,,,,,,
SEGUNDO,SEGUNDO_OPINIÃO,SEGUNDO_ORDINAL,SEGUNDO_SEQUÊNCIA,SEGUNDO_TEMPO,,,,,,,,,,,,,,
SEGURANÇA,SEGURANÇA_PROFISSÃO,SEGURANÇA_SEGURO,,,,,,,,,,,,,,,,
SEGURO,SEGURO_CONTRATO,SEGURO_PROTEGIDO,,,,,,,,,,,,,,,,
SEIO,SEIO_CERNE,SEIO_FEMININO,,,,,,,,,,,,,,,,
SELEÇÃO,SELEÇÃO_EQUIPE,SELEÇÃO_ESCOLHER,,,,,,,,,,,,,,,,
SEMINÁRIO,SEMINÁRIO_APRESENTAÇÃO,SEMINÁRIO_RELIGIÃO,,,,,,,,,,,,,,,,
SENTENÇA,SENTENÇA_FRASE,SENTENÇA_JULGAMENTO,,,,,,,,,,,,,,,,
SENTIDO,SENTIDO_DIREÇÃO,SENTIDO_LÓGICA,SENTIDO_SENSORIAL,SENTIDO_SENTIR,,,,,,,,,,,,,,
SERRA,SERRA_CORTAR,SERRA_MONTE,,,,,,,,,,,,,,,,
SERVENTE,SERVENTE_DOMÉSTICO,SERVENTE_PEDREIRO,,,,,,,,,,,,,,,,
SERVIDOR,SERVIDOR_INFORMÁTICA,SERVIDOR_TRABALHAR,,,,,,,,,,,,,,,,
SERVIR,SERVIR_ADEQUAR,SERVIR_CABER,SERVIR_CRIADO,SERVIR_ENTREGAR,SERVIR_UTILIZAR,,,,,,,,,,,,,
SIMPLES,SIMPLES_FÁCIL,SIMPLES_MODESTO,,,,,,,,,,,,,,,,
SINAL,SINAL_ANTENA,SINAL_LIBRAS,SINAL_MARCA,SINAL_SEMÁFORO,SINAL_VESTÍGIO,,,,,,,,,,,,,
SOBERBO,SOBERBO_ARROGÂNCIA,SOBERBO_MAGNÍFICO,,,,,,,,,,,,,,,,
SOBRE,SOBRE_ASSUNTO,SOBRE_CIMA,,,,,,,,,,,,,,,,
SOBRETUDO,SOBRETUDO_CASACO,SOBRETUDO_PRINCIPALMENTE,,,,,,,,,,,,,,,,
SOLAR,SOLAR_DURO,SOLAR_LOCAL,SOLAR_MÚSICA,SOLAR_SAPATO,SOLAR_SOL,,,,,,,,,,,,,
SOLO,SOLO_CARTEADO,SOLO_MÚSICA,SOLO_TERRA,,,,,,,,,,,,,,,
SOLUÇÃO,SOLUÇÃO_DISSOLVER,SOLUÇÃO_MATEMÁTICA,SOLUÇÃO_RESOLVER,,,,,,,,,,,,,,,
SUSPENDER,SUSPENDER_INTERROMPER,SUSPENDER_PENDURAR,,,,,,,,,,,,,,,,
SUÍTE,SUÍTE_INTERNET,SUÍTE_MÚSICA,SUÍTE_QUARTO,SUÍTE_SAIR,,,,,,,,,,,,,,
SÃO,SÃO_SANTO,SÃO_SAUDÁVEL,,,,,,,,,,,,,,,,
SÉRIE,SÉRIE_ESCOLA,SÉRIE_SEQUÊNCIA,SÉRIE_TELEVISÃO,,,,,,,,,,,,,,,
SÓ,SÓ_APENAS,SÓ_SOZINHO,,,,,,,,,,,,,,,,
SÓCIO,SÓCIO_EMPRESA,SÓCIO_MEMBRO,,,,,,,,,,,,,,,,
SÓLIDO,SÓLIDO_ESTÁVEL,SÓLIDO_MATÉRIA,,,,,,,,,,,,,,,,
TANQUE,TANQUE_GASOLINA,TANQUE_GUERRA,TANQUE_RESERVATÓRIO,TANQUE_ROUPA,,,,,,,,,,,,,,
TAXA,TAXA_PORCETAGEM,TAXA_PREÇO,,,,,,,,,,,,,,,,
TEMA,TEMA_ASSUNTO,TEMA_MUSICAL,TEMA_PERSONALIZAR,,,,,,,,,,,,,,,
TEMPO,TEMPO_ÉPOCA,TEMPO_ESPORTE,TEMPO_HORA,TEMPO_METEOROLOGIA,TEMPO_PAUSA,,,,,,,,,,,,,
TEMPORAL,TEMPORAL_ANATOMIA,TEMPORAL_CHUVA,TEMPORAL_CONJUNÇÃO,TEMPORAL_PROFANO,TEMPORAL_TEMPO,,,,,,,,,,,,,
TENTAÇÃO,TENTAÇÃO_INSTIGAR,TENTAÇÃO_PROVOCAÇÃO,TENTAÇÃO_SEDUÇÃO,,,,,,,,,,,,,,,
TERCEIRO,TERCEIRO_MEDIADOR,TERCEIRO_ORDINAL,TERCEIRO_SEQUÊNCIA,,,,,,,,,,,,,,,
TERMINAL,TERMINAL_FINAL,TERMINAL_LOCAL,,,,,,,,,,,,,,,,
TERNO,TERNO_AFETO,TERNO_ROUPA,TERNO_TRIO,,,,,,,,,,,,,,,
TERRA,TERRA_AREIA,TERRA_LOCAL,TERRA_PLANETA,,,,,,,,,,,,,,,
TIPO,TIPO_CARACTERÍSTICA,TIPO_EXEMPLO,,,,,,,,,,,,,,,,
TOCAR,TOCAR_ATABAQUE,TOCAR_BATERIA,TOCAR_FLAUTA,TOCAR_MÚSICA,TOCAR_PIANO,TOCAR_TATO,TOCAR_VIOLÃO,,,,,,,,,,,
TOMAR,TOMAR_BEBER,TOMAR_PEGAR,,,,,,,,,,,,,,,,
TOPAR,TOPAR_ACEITAR,TOPAR_ENCONTRAR,,,,,,,,,,,,,,,,
TORCEDOR,TORCEDOR_PESSOA,TORCEDOR_TORCER,,,,,,,,,,,,,,,,
TORCER,TORCER_ESPREMER,TORCER_LESÃO,TORCER_TORCIDA,,,,,,,,,,,,,,,
TORNAR,TORNAR_ADQUIRIR,TORNAR_CONVERSÃO,TORNAR_RECORRER,TORNAR_RESTITUIR,TORNAR_VOLTAR,,,,,,,,,,,,,
TOTAL,TOTAL_COMPLETO,TOTAL_RESULTADO,,,,,,,,,,,,,,,,
TRADUÇÃO,TRADUÇÃO_AÇÃO,TRADUÇÃO_AUTOMÁTICA,TRADUÇÃO_EXPLICAR,TRADUÇÃO_REFLETIR,,,,,,,,,,,,,,
TRAIR,TRAIR_FALSO,TRAIR_RELACIONAMENTO,,,,,,,,,,,,,,,,
TRAMAR,TRAMAR_PLANEJAR,TRAMAR_TECER,,,,,,,,,,,,,,,,
TRANSFERIR,TRANSFERIR_DINHEIRO,TRANSFERIR_OBJETO,TRANSFERIR_PESSOA,,,,,,,,,,,,,,,
TRANSMISSÃO,TRANSMISSÃO_DIFUSÃO,TRANSMISSÃO_DOENÇA,TRANSMISSÃO_FÍSICA,,,,,,,,,,,,,,,
TRANSMITIR,TRANSMITIR_COMUNICAR,TRANSMITIR_PROPAGAR,TRANSMITIR_TRANSFERIR,,,,,,,,,,,,,,,
TRANSPARÊNCIA,TRANSPARÊNCIA_IMPRESSÃO,TRANSPARÊNCIA_NITIDEZ,TRANSPARÊNCIA_VERDADE,,,,,,,,,,,,,,,
TRATAMENTO,TRATAMENTO_ASSUNTO,TRATAMENTO_DOENÇA,TRATAMENTO_TRATO,,,,,,,,,,,,,,,
TRATAR,TRATAR_ASSUNTO,TRATAR_CUIDAR,,,,,,,,,,,,,,,,
TRAVESSA,TRAVESSA_PRATO,TRAVESSA_RUA,TRAVESSA_VIGA,,,,,,,,,,,,,,,
TREVA,TREVA_ESCURIDÃO,TREVA_RELIGIÃO,,,,,,,,,,,,,,,,
TRIÂNGULO,TRIÂNGULO_GEOMETRIA,TRIÂNGULO_MÚSICA,,,,,,,,,,,,,,,,
TRONCO,TRONCO_ÁRVORE,TRONCO_CORPO,,,,,,,,,,,,,,,,
TÊNIS,TÊNIS_JOGO,TÊNIS_SAPATO,,,,,,,,,,,,,,,,
TÍQUETE,TÍQUETE_ALIMENTAÇÃO,TÍQUETE_INGRESSO,TÍQUETE_TRANSPORTE,,,,,,,,,,,,,,,
TÍTULO,TÍTULO_CERTIFICADO,TÍTULO_ELEITOR,TÍTULO_NOBILIÁRIO,TÍTULO_TEXTO,,,,,,,,,,,,,,
UNIDADE,UNIDADE_LOCAL,UNIDADE_NUMERAL,UNIDADE_OBJETO,UNIDADE_UNIFICAR,,,,,,,,,,,,,,
UNIFORME,UNIFORME_FARDAMENTO,UNIFORME_HOMOGÊNEO,,,,,,,,,,,,,,,,
UNIÃO,UNIÃO_CASAMENTO,UNIÃO_GOVERNO,UNIÃO_UNIR,,,,,,,,,,,,,,,
URNA,URNA_ELETRÔNICA,URNA_OBJETO,,,,,,,,,,,,,,,,
VAGA,VAGA_EMPREGO,VAGA_ESPAÇO,VAGA_ESTACIONAMENTO,,,,,,,,,,,,,,,
VALE,VALE_MONTANHA,VALE_RECIBO,VALE_VALOR,,,,,,,,,,,,,,,
VARA,VARA_JUSTIÇA,VARA_MADEIRA,,,,,,,,,,,,,,,,
VARÃO,VARÃO_HOMEM,VARÃO_OBJETO,,,,,,,,,,,,,,,,
VASO,VASO_JARRO,VASO_SANGUÍNEO,VASO_SANITÁRIO,,,,,,,,,,,,,,,
VELA,VELA_BARCO,VELA_LUZ,,,,,,,,,,,,,,,,
VERSO,VERSO_FRASE,VERSO_OPOSTO,,,,,,,,,,,,,,,,
VERSÃO,VERSÃO_INFORMÁTICA,VERSÃO_INTERPRETAÇÃO,VERSÃO_OBSTETRÍCIA,VERSÃO_VERTER,,,,,,,,,,,,,,
VIA,VIA_DOCUMENTO,VIA_MÉTODO,VIA_RUA,,,,,,,,,,,,,,,
VINHO,VINHO_BEBIDA,VINHO_COR,VINHO_PORTO,,,,,,,,,,,,,,,
VIOLETA,VIOLETA_COR,VIOLETA_FLOR,,,,,,,,,,,,,,,,
VIRAR,VIRAR_DIREÇÃO,VIRAR_DIREITA,VIRAR_ESQUERDA,VIRAR_MUDAR,VIRAR_PÁGINA,VIRAR_VERTER,,,,,,,,,,,,
VISTA,VISTA_OLHO,VISTA_OPINIÃO,VISTA_PAGAMENTO,VISTA_PANORÂMICA,,,,,,,,,,,,,,
VISTO,VISTO_PASSAPORTE,VISTO_VER,,,,,,,,,,,,,,,,
VISÃO,VISÃO_APARIÇÃO,VISÃO_OPINIÃO,VISÃO_VER,,,,,,,,,,,,,,,
VITAMINA,VITAMINA_BEBIDA,VITAMINA_REMÉDIO,,,,,,,,,,,,,,,,
VITÓRIA,VITÓRIA_CIDADE,VITÓRIA_FUTEBOL,VITÓRIA_VENCER,,,,,,,,,,,,,,,
VIVER,VIVER_MORAR,VIVER_VIDA,,,,,,,,,,,,,,,,
VOLUME,VOLUME_ÁGUA,VOLUME_CAIXA,VOLUME_EDIÇÃO,VOLUME_LIVRO,VOLUME_QUANTIDADE,VOLUME_SOM,,,,,,,,,,,,
VÍRUS,VÍRUS_INFORMÁTICA,VÍRUS_SAÚDE,,,,,,,,,,,,,,,,
XADREZ,XADREZ_JOGO,XADREZ_ROUPA,,,,,,,,,,,,,,,,
XAROPE,XAROPE_DOCE,XAROPE_MAÇANTE,XAROPE_REMÉDIO,,,,,,,,,,,,,,,
ZONA,ZONA_ÁREA,ZONA_DESORDEM,,,,,,,,,,,,,,,,
ÁLBUM,ÁLBUM_FOTO,ÁLBUM_MÚSICA,,,,,,,,,,,,,,,,
ÁREA,ÁREA_ESPAÇO,ÁREA_MATEMÁTICA,ÁREA_SETOR,,,,,,,,,,,,,,,
ÍNDICE,ÍNDICE_DEDO,ÍNDICE_ESTATÍSTICA,ÍNDICE_LISTA,,,,,,,,,,,,,,,
ÓRGÃO,ÓRGÃO_CORPO,ÓRGÃO_INSTITUIÇÃO,ÓRGÃO_INSTRUMENTO,,,,,,,,,,,,,,,